"filename","interval_label","start","end","X1","X2","X3","X4","X5","X6","X7","X8","X9","X10","X11","X12","X13","X14","X15","X16","X17","X18","X19","X20","X21","X22","X23","X24","X25","X26","X27","X28","X29","X30","cluster"
"A1","A1_hhh",1,2,-0.199276459,-0.073097163,0.077490926,0.250825638,0.392323442,0.481254667,0.543257472,0.601957579,0.648742285,0.692913619,0.759405758,0.890576699,1.051906726,1.19376846,1.303614493,1.378650448,1.446665865,1.526409011,1.622592456,1.720139549,1.789627619,1.84740615,1.893348559,1.929218919,1.951477221,1.965098856,1.974265176,1.96314118,1.94516737,1.853853565,1
"A1","A1_hhl",1,2,-0.033367471,0.175803389,0.420688659,0.627957771,0.767678845,0.866406383,0.913476716,0.929427858,0.940146178,0.966992483,1.023912336,1.095887741,1.1633219,1.203377356,1.214725701,1.216208693,1.23380724,1.272814,1.322834935,1.368288754,1.401250568,1.432645837,1.460559855,1.489453169,1.513419075,1.522223009,1.5204203,1.517519897,1.510236953,1.486270097,1
"A1","A1_hlh",1,2,0.204188138,0.435918428,0.715212854,0.934449559,1.103576117,1.233668167,1.308041555,1.316938531,1.258906169,1.14107328,0.972552012,0.73541565,0.429737242,0.100772494,-0.190194337,-0.437709307,-0.654951182,-0.851702103,-0.979637833,-1.060918474,-1.115784804,-1.143635995,-1.121196832,-1.042681129,-0.908156261,-0.721404021,-0.524373719,-0.382237999,-0.306017546,-0.286147938,2
"A1","A1_hll",1,2,0.212603442,0.40104155,0.664383235,0.958082072,1.192323392,1.328580195,1.390524989,1.387007115,1.317616481,1.176227782,0.986873487,0.754593249,0.466411143,0.127016528,-0.240626228,-0.562924312,-0.784842238,-0.931093641,-1.03240581,-1.130089639,-1.205654085,-1.247073695,-1.261818826,-1.246092162,-1.168656829,-1.06134415,-0.960847323,-0.919670256,-0.926449932,-0.976556744,2
"A1","A1_lhh",1,2,-0.201551868,-0.243315418,-0.298133844,-0.374258113,-0.450324555,-0.551904299,-0.707634159,-0.858819988,-0.952006546,-1.00442044,-1.024266123,-0.9995381,-0.944324901,-0.90321045,-0.869808916,-0.827075225,-0.759329248,-0.650708162,-0.49102531,-0.31867368,-0.14703008,0.036885107,0.212856379,0.392997178,0.583868219,0.789825511,0.964668242,1.101573633,1.184680077,1.189034401,3
"A1","A1_lhl",1,2,-0.166382791,-0.228244496,-0.3519618,-0.515330875,-0.669820014,-0.805728791,-0.924988476,-1.025828126,-1.088828935,-1.109801273,-1.093183199,-1.04295784,-0.96709243,-0.908248526,-0.878966154,-0.844405744,-0.7734888,-0.670576991,-0.559230617,-0.463727826,-0.39341623,-0.325205128,-0.269979335,-0.215165543,-0.150624703,-0.086764,-0.067923094,-0.092894197,-0.117611011,-0.155996991,3
"A1","A1_llh",1,2,-0.19504932,-0.204414293,-0.312640327,-0.495730621,-0.682099734,-0.825687222,-0.951968246,-1.059470421,-1.138004357,-1.176541572,-1.171430424,-1.139689153,-1.106584234,-1.054856868,-0.981066464,-0.878242387,-0.768087275,-0.633660285,-0.47348656,-0.30956574,-0.161809701,-0.005590595,0.16441289,0.344647328,0.54007492,0.744646159,0.931185202,1.033268196,1.054481918,1.054786885,3
"A1","A1_lll",1,2,-0.187604711,-0.22994292,-0.277394181,-0.383145037,-0.512941793,-0.647225507,-0.785016012,-0.922350178,-1.024892847,-1.10244004,-1.149819988,-1.186425741,-1.213876018,-1.255518875,-1.30786884,-1.3541113,-1.380071592,-1.387922997,-1.398356776,-1.412647601,-1.430945307,-1.438990003,-1.418339832,-1.373176142,-1.291345407,-1.203884532,-1.156825123,-1.160381132,-1.159472443,-1.141504028,4
"A10","A10_hhh",1,2,-0.689184658,-0.707099771,-0.7531152,-0.788189705,-0.74395151,-0.624336149,-0.500841371,-0.439874797,-0.403549544,-0.361478022,-0.285563737,-0.148467214,0.02164614,0.197771422,0.385337368,0.552109803,0.705924722,0.893529221,1.094312818,1.28156248,1.448076557,1.598776237,1.722998054,1.840853509,1.960568106,2.063902056,2.133546139,2.158782428,2.151085385,2.153020301,5
"A10","A10_hhl",1,2,-0.511563096,-0.536965298,-0.583694567,-0.579971255,-0.471231523,-0.329330394,-0.195709416,-0.043987036,0.133245936,0.313711004,0.492503689,0.669942739,0.866785024,1.083947009,1.286455349,1.429939646,1.542565291,1.659128152,1.769388501,1.860376124,1.928663178,1.972535896,2.001167495,2.019833212,2.049610986,2.095748323,2.137043965,2.146903997,2.139622925,2.124831576,1
"A10","A10_hlh",1,2,-0.272388239,-0.198527713,-0.162406844,-0.123306715,-0.024344577,0.149319054,0.388855478,0.686741281,0.973215576,1.183129315,1.310575986,1.346141675,1.268325512,1.044472599,0.715239231,0.374637232,0.071207353,-0.189161229,-0.390349325,-0.53168104,-0.632914961,-0.706963649,-0.758174867,-0.78251867,-0.787902253,-0.786606358,-0.799904166,-0.825767498,-0.861054845,-0.922372242,2
"A10","A10_hll",1,2,-0.410918545,-0.303213965,-0.290792032,-0.286492535,-0.258619763,-0.190499693,-0.015894363,0.235685153,0.504565978,0.760993391,0.996527282,1.186738698,1.260176823,1.190066162,0.976066397,0.6528714,0.305872845,-0.003879762,-0.285745165,-0.545221759,-0.746677794,-0.902569473,-1.036089267,-1.149549514,-1.220920467,-1.242715607,-1.252649022,-1.2867116,-1.345339518,-1.41199874,2
"A10","A10_lhh",1,2,-0.320388398,-0.397732757,-0.468564035,-0.542135838,-0.610014059,-0.704918644,-0.781938118,-0.843525953,-0.898126631,-0.934249289,-0.923324022,-0.862702954,-0.767496862,-0.656810826,-0.52245275,-0.377309964,-0.203528819,0.009946919,0.243263961,0.500834252,0.739870805,0.977510314,1.243401389,1.507078012,1.737491898,1.948448176,2.132693787,2.259040809,2.34526297,2.398148647,5
"A10","A10_lhl",1,2,-0.460564082,-0.533830261,-0.680494295,-0.859195114,-0.952416833,-0.988905135,-0.980999512,-0.961253316,-0.920332549,-0.895348104,-0.860865612,-0.808781322,-0.716574318,-0.597256181,-0.502639243,-0.424478044,-0.333735329,-0.228308236,-0.134986926,-0.07124909,-0.026098398,0.005751148,0.027539659,0.043917747,0.062972233,0.077444642,0.079175877,0.079698662,0.100103966,0.196296889,3
"A10","A10_llh",1,2,-0.349035506,-0.335231491,-0.389405156,-0.470706234,-0.612810797,-0.750836348,-0.819885864,-0.869458225,-0.921294245,-0.948763803,-0.94508751,-0.920018895,-0.868099133,-0.805682099,-0.741190599,-0.671631889,-0.586859952,-0.472814022,-0.343187489,-0.222175002,-0.114244292,-0.01144917,0.101930136,0.224813888,0.344522184,0.462679519,0.563434546,0.63882422,0.681602699,0.708645558,3
"A10","A10_lll",1,2,-0.327059828,-0.375033448,-0.468186044,-0.542109261,-0.522218298,-0.501905598,-0.51808826,-0.574558224,-0.646808855,-0.737332986,-0.805453736,-0.833943392,-0.859377219,-0.89795446,-0.952854465,-0.999449773,-1.040801762,-1.077893409,-1.108201153,-1.131513453,-1.162116885,-1.191826959,-1.215044418,-1.222476242,-1.219543129,-1.218414411,-1.238763619,-1.304413677,-1.390395299,-1.46343685,4
"A11","A11_hhh",1,2,-0.721343941,-0.713872978,-0.701547149,-0.710846442,-0.775741526,-0.859213307,-0.882947189,-0.81166826,-0.652155871,-0.442266876,-0.191084058,0.121474973,0.469138331,0.788744865,1.103114576,1.381375996,1.597976273,1.791786442,1.992377796,2.159995196,2.291127204,2.379370999,2.435755692,2.487227627,2.528408298,2.53079941,2.507568352,2.50068113,2.511530098,2.493994914,5
"A11","A11_hhl",1,2,-0.878205783,-0.840029617,-0.839540949,-0.864684209,-0.867801226,-0.872404043,-0.856773629,-0.812149841,-0.73899342,-0.663495241,-0.548829005,-0.359852631,-0.120544141,0.12268468,0.3509288,0.531618632,0.708144225,0.897839148,1.068710878,1.185273147,1.250184548,1.265018874,1.260444983,1.257095426,1.246418677,1.233318522,1.233514851,1.234070726,1.242403292,1.270647256,5
"A11","A11_hlh",1,2,-0.62743208,-0.779204916,-0.826879728,-0.770423698,-0.687374856,-0.590105293,-0.462507914,-0.334613796,-0.19219335,-0.028993868,0.085827374,0.07248493,0.003272575,-0.067591483,-0.15302852,-0.240904249,-0.24950728,-0.241889865,-0.327833979,-0.493171486,-0.622575964,-0.647642104,-0.576236384,-0.465701193,-0.369992177,-0.30312584,-0.269369414,-0.2476303,-0.221021826,-0.243843417,3
"A11","A11_hll",1,2,0.143264576,0.132036866,0.099848429,0.058521722,0.040110329,0.036477986,0.045785539,0.074559301,0.113947172,0.163576021,0.170814491,0.123095318,0.053621191,-0.050539199,-0.171688557,-0.268905751,-0.354780622,-0.462279885,-0.626715447,-0.814616096,-0.954045232,-1.038357372,-1.069906631,-1.045375208,-1.025355618,-1.032671506,-1.100115569,-1.212230033,-1.331705328,-1.43364662,2
"A11","A11_lhh",1,2,-0.764612249,-0.865984226,-0.936227507,-0.970440519,-0.961666471,-0.933288721,-0.926109774,-0.881619973,-0.791021975,-0.704989255,-0.653258119,-0.534989775,-0.315661012,-0.028286645,0.237468405,0.531599773,0.887802838,1.194646146,1.455698008,1.676550883,1.841839835,1.966072839,2.06295722,2.140648874,2.172063812,2.167852848,2.153366215,2.151535607,2.136021731,2.100364421,5
"A11","A11_lhl",1,2,-0.557553827,-0.495897563,-0.490331575,-0.560344059,-0.659585711,-0.728352788,-0.763113283,-0.744234792,-0.700944174,-0.697531842,-0.686584581,-0.625460139,-0.553531271,-0.516005627,-0.494348238,-0.476886519,-0.47666878,-0.465338856,-0.419780345,-0.382582139,-0.363870743,-0.431116734,-0.559271085,-0.732137745,-0.847400622,-0.841832473,-0.771001218,-0.688451409,-0.708331697,-0.784472843,3
"A11","A11_llh",1,2,-0.746438458,-0.746292236,-0.798482121,-0.856140313,-0.916906185,-0.956323159,-0.937897815,-0.912968222,-0.909899623,-0.86126264,-0.730718635,-0.540570451,-0.392854298,-0.247601222,-0.084451829,0.102483027,0.304352148,0.502275877,0.677883749,0.851605902,0.990061475,1.112688207,1.222835383,1.298066503,1.337355437,1.348456453,1.342028946,1.328142728,1.304895142,1.277901218,5
"A11","A11_lll",1,2,-0.448865738,-0.463260911,-0.504559215,-0.564096128,-0.653958919,-0.731111993,-0.729528526,-0.622724773,-0.477922671,-0.425020736,-0.432444369,-0.408540938,-0.380911349,-0.398152698,-0.510963877,-0.63492019,-0.753781308,-0.844008214,-0.836960078,-0.799657722,-0.735626939,-0.652445524,-0.587003422,-0.499526149,-0.407421633,-0.343996599,-0.244312358,-0.178591684,-0.229630117,-0.335938434,3
"A12","A12_hhh",1,2,-0.774916808,-0.719244668,-0.648870428,-0.557826766,-0.438706639,-0.292149463,-0.110454536,0.114516965,0.390531976,0.669533375,0.888587874,1.029770175,1.117140707,1.20129834,1.296831319,1.363630661,1.39099295,1.406671026,1.441888873,1.502935301,1.556176001,1.599837115,1.631402285,1.645852126,1.662372508,1.68907085,1.725252004,1.747523901,1.743701656,1.702987774,1
"A12","A12_hhl",1,2,-0.973294612,-0.876686959,-0.688213151,-0.506877467,-0.329532654,-0.115882993,0.157261365,0.422109071,0.647933959,0.830787492,0.955089573,1.015126752,1.032506126,1.049392231,1.072188089,1.060665544,1.030203366,1.0153675,1.02390045,1.048084281,1.059942387,1.052962121,1.040238107,1.017918384,0.987456904,0.974580332,0.997415958,1.03110348,1.047018261,1.044758577,1
"A12","A12_hlh",1,2,-0.022699486,0.037416287,0.140975431,0.293628786,0.482817275,0.668294566,0.863143222,1.077406565,1.279859609,1.433863028,1.526470841,1.534402945,1.478067114,1.374352721,1.199694035,0.965821057,0.616705998,0.131401147,-0.364413233,-0.786897634,-1.085803797,-1.291376541,-1.443502873,-1.522904658,-1.55176069,-1.559666224,-1.539547183,-1.480758581,-1.387773534,-1.293349763,2
"A12","A12_hll",1,2,-0.015279723,0.01242654,0.003749882,0.021700579,0.117438926,0.279721324,0.446561794,0.611375685,0.797488648,0.983546761,1.15793881,1.283760277,1.364587547,1.382363455,1.313334133,1.111548289,0.739839878,0.277206125,-0.2039618,-0.665362644,-1.027425458,-1.303463737,-1.511258184,-1.64887999,-1.7292232,-1.781989572,-1.847594288,-1.870748034,-1.840689767,-1.837799627,2
"A12","A12_lhh",1,2,-1.005634547,-0.988461295,-0.990832914,-1.017639051,-1.048738805,-1.105358222,-1.173834149,-1.196869367,-1.164127992,-1.080311618,-0.956879502,-0.82265987,-0.687052733,-0.532717407,-0.348545007,-0.163774743,0.009072373,0.16155237,0.329991915,0.526182686,0.729043806,0.914675077,1.079423204,1.232581655,1.371702028,1.505135746,1.648443695,1.773305708,1.846253461,1.858757554,5
"A12","A12_lhl",1,2,-0.313649384,-0.396230293,-0.464002005,-0.484749186,-0.452150885,-0.433837646,-0.416567535,-0.386034965,-0.336757954,-0.270552578,-0.212475803,-0.178538524,-0.152725601,-0.125572316,-0.116808424,-0.15518054,-0.205298185,-0.241536946,-0.272222477,-0.27281365,-0.280893085,-0.307358592,-0.344890704,-0.373848321,-0.396476607,-0.39707951,-0.390185461,-0.365754812,-0.339405717,-0.341739311,3
"A12","A12_llh",1,2,-0.708362301,-0.786851406,-0.87758576,-0.93145295,-0.952682978,-0.966124872,-1.005865731,-1.016664199,-0.963626107,-0.872683087,-0.757724466,-0.652680695,-0.566506748,-0.463946052,-0.345795861,-0.256823299,-0.185173685,-0.104558557,0.006371089,0.132573582,0.238726418,0.313987818,0.370781154,0.415659625,0.473460992,0.541836266,0.608637436,0.669252435,0.702288137,0.677752133,3
"A12","A12_lll",1,2,-0.149489181,-0.163750434,-0.151603438,-0.120633683,-0.087872134,-0.105357737,-0.146155446,-0.184761699,-0.205478604,-0.213234842,-0.221655022,-0.253546534,-0.299900583,-0.357531072,-0.428974819,-0.513192271,-0.613615147,-0.748369419,-0.907946453,-1.06807864,-1.238622922,-1.373903725,-1.488221056,-1.618009749,-1.747097879,-1.882311936,-1.960525642,-2.036140729,-2.094070125,-2.128152433,2
"A13","A13_hhh",1,2,-0.64432105,-0.552492553,-0.452436204,-0.292436804,-0.042348566,0.214154874,0.437875144,0.645544914,0.862142855,1.059387554,1.219011405,1.34154903,1.465707877,1.573282021,1.642775421,1.67655496,1.695181222,1.723344824,1.776762224,1.855948307,1.916826437,1.937845197,1.936000264,1.919389727,1.898208082,1.866655968,1.811882536,1.713122955,1.587649845,1.445726423,1
"A13","A13_hhl",1,2,-0.675399473,-0.433272851,-0.180687761,0.100297437,0.3933071,0.636339615,0.838667207,1.048402552,1.236993911,1.384012169,1.473984788,1.52900522,1.579330533,1.619154569,1.625998879,1.609927445,1.592778226,1.580239202,1.576900571,1.579056249,1.572900521,1.542258547,1.485614573,1.434108204,1.398443441,1.359129161,1.289694588,1.193740592,1.031044383,0.79075963,1
"A13","A13_hlh",1,2,-0.539808352,-0.474529987,-0.411581342,-0.29495381,-0.124951849,0.029536827,0.195378799,0.416827404,0.660640685,0.903236858,1.099775528,1.197029813,1.211778456,1.137018699,0.94334763,0.622454748,0.256768593,-0.07913702,-0.335388058,-0.546593545,-0.721671756,-0.846556713,-0.919007922,-0.951374459,-0.945700606,-0.910997889,-0.858926439,-0.836834577,-0.882704307,-1.003529709,2
"A13","A13_hll",1,2,-0.727055495,-0.661184645,-0.59870519,-0.463629939,-0.272707693,-0.061571438,0.174071115,0.436258014,0.719171532,0.95912084,1.122626562,1.198197695,1.175698722,1.042832823,0.782749499,0.445028303,0.076531188,-0.272361326,-0.571043641,-0.802278027,-0.989513727,-1.132788701,-1.215624022,-1.245894693,-1.251018243,-1.238568996,-1.211254644,-1.167995795,-1.215392586,-1.382737066,2
"A13","A13_lhh",1,2,-0.656768256,-0.712903061,-0.796989418,-0.804103748,-0.737046757,-0.685273069,-0.679741797,-0.700902002,-0.719305755,-0.718457348,-0.703484931,-0.655060164,-0.553877523,-0.399900762,-0.239825807,-0.100248995,0.075871926,0.28943611,0.506103376,0.73935952,0.954621133,1.140733746,1.282440991,1.380639896,1.481547528,1.584088054,1.671716856,1.709119331,1.626315661,1.43655518,5
"A13","A13_lhl",1,2,-0.541291901,-0.540138742,-0.571091908,-0.591355287,-0.590152577,-0.615764402,-0.675517638,-0.734352029,-0.777012445,-0.809498915,-0.838211899,-0.839183115,-0.800909117,-0.755661647,-0.737333922,-0.732648732,-0.72399166,-0.697012169,-0.665196469,-0.64021447,-0.631575617,-0.631754473,-0.64271868,-0.644152156,-0.627535014,-0.599502593,-0.565259623,-0.539802021,-0.622160913,-0.846956505,3
"A13","A13_llh",1,2,-0.749292991,-0.691493751,-0.72536706,-0.7654023,-0.754179705,-0.724235892,-0.71417993,-0.760033387,-0.804745166,-0.832697206,-0.862396471,-0.888318255,-0.863012893,-0.781166587,-0.694204406,-0.637643079,-0.575634075,-0.502958072,-0.415164691,-0.309120785,-0.197840105,-0.103623224,-0.033638767,0.02989521,0.094620412,0.170719093,0.248148395,0.312185209,0.327164572,0.241248049,3
"A13","A13_lll",1,2,-0.722582218,-0.713373959,-0.726854756,-0.742536753,-0.688725963,-0.615308999,-0.582624586,-0.606400827,-0.661821703,-0.720447441,-0.788198176,-0.872248531,-0.928188765,-0.941772824,-0.956360046,-0.993955919,-1.038227892,-1.073749055,-1.09684489,-1.115388481,-1.139126162,-1.167981241,-1.19592209,-1.241057596,-1.289498966,-1.314752214,-1.330671906,-1.382685734,-1.521252494,-1.747505466,4
"A14","A14_hhh",1,2,0.055234858,0.087288444,0.048168297,-0.013414389,-0.094914054,-0.162180582,-0.164976785,-0.117283933,-0.039215949,0.049801241,0.17952073,0.334861589,0.499051999,0.676649802,0.848688424,1.008084258,1.179343387,1.359535865,1.520741272,1.65870868,1.782053212,1.876635499,1.959625598,2.076675572,2.201584873,2.290540344,2.331434436,2.333157943,2.29502063,2.246461703,5
"A14","A14_hhl",1,2,-0.45223974,-0.210699346,0.062228173,0.321572786,0.495690935,0.598842164,0.743941449,0.900731752,1.019372969,1.089640376,1.139016464,1.193095061,1.240225461,1.255329886,1.245188054,1.230526219,1.251309706,1.290147118,1.306043645,1.293891913,1.278970467,1.273281882,1.281032224,1.302774316,1.327243856,1.339903219,1.330493556,1.300888676,1.285322975,1.314718046,1
"A14","A14_hlh",1,2,-0.323478828,-0.239284223,-0.146102547,0.010142287,0.160590311,0.259702243,0.360555852,0.510270047,0.64402523,0.688562389,0.644260881,0.533791329,0.340981744,0.055550707,-0.27216047,-0.565839664,-0.788380482,-0.948244318,-1.056797618,-1.137834464,-1.18875417,-1.20444795,-1.246456458,-1.30990652,-1.327894768,-1.27882669,-1.26470692,-1.268873716,-1.262281509,-1.334429612,2
"A14","A14_hll",1,2,0.036217376,0.097855606,0.164792924,0.265443677,0.362947498,0.455019351,0.591785434,0.74871203,0.881498483,0.923732273,0.885949982,0.792001642,0.623479776,0.379213391,0.088855977,-0.206489096,-0.471180996,-0.67353424,-0.818014427,-0.931883008,-1.028455189,-1.113976817,-1.19152967,-1.247744218,-1.273734725,-1.271211392,-1.281060831,-1.287284076,-1.292066106,-1.332071151,2
"A14","A14_lhh",1,2,0.479297062,0.299996824,0.036552329,-0.270656967,-0.581867122,-0.815059229,-0.92252962,-0.986518902,-1.016976517,-1.029050767,-1.013954405,-0.954423226,-0.855428791,-0.717697712,-0.532347813,-0.314235844,-0.098528661,0.12274637,0.356626446,0.591948744,0.82231933,1.044796187,1.259943947,1.483848527,1.744487868,2.010446608,2.217991686,2.318132303,2.336269376,2.235462169,5
"A14","A14_lhl",1,2,0.235133442,0.019158109,-0.243225922,-0.385023271,-0.461248695,-0.577395598,-0.686040682,-0.736391043,-0.752048872,-0.757374111,-0.742379328,-0.723550705,-0.714455359,-0.701045107,-0.682832269,-0.660548705,-0.63158064,-0.594583253,-0.561320305,-0.527638286,-0.499982575,-0.479195636,-0.459688231,-0.430214889,-0.381073322,-0.3230804,-0.27241442,-0.280440306,-0.325560847,-0.336507689,3
"A14","A14_llh",1,2,0.533370758,0.438230623,0.273165451,0.055263015,-0.183414682,-0.383589368,-0.495231637,-0.577020622,-0.633129116,-0.663291709,-0.661607799,-0.636936208,-0.588181463,-0.522900717,-0.460725329,-0.399024605,-0.332666175,-0.236432585,-0.125535183,-0.020525098,0.067339997,0.153435937,0.244943638,0.348334952,0.471445036,0.59327499,0.683162363,0.732558658,0.734206755,0.715283516,3
"A14","A14_lll",1,2,0.044031703,-0.143650635,-0.249528415,-0.306727341,-0.419703229,-0.574539688,-0.69935406,-0.781393948,-0.844276533,-0.913814898,-0.975287283,-1.019495571,-1.06303548,-1.115107228,-1.160716962,-1.201175502,-1.239940961,-1.274864328,-1.30589853,-1.336530131,-1.371939844,-1.412104923,-1.449131,-1.48394812,-1.517828879,-1.54266582,-1.573946507,-1.607380343,-1.668248973,-1.771010042,4
"A15","A15_hhh",1,2,-0.200982825,-0.1289623,-0.117525548,-0.194204868,-0.333893605,-0.509165215,-0.69039426,-0.839297636,-0.884624348,-0.846600324,-0.74402099,-0.564608834,-0.31225531,-0.054233307,0.181320153,0.391335451,0.589703458,0.79578621,1.032285483,1.296266234,1.548703344,1.788487069,2.02267495,2.271384095,2.530833359,2.824945091,3.103906828,3.216386833,3.17562578,3.062230014,5
"A15","A15_hhl",1,2,0.017856873,0.124121852,0.15113669,0.112579787,0.03741955,-0.082366122,-0.218076314,-0.301229652,-0.308874129,-0.276270017,-0.219424108,-0.116200535,0.041402301,0.241691371,0.440913106,0.607914925,0.74668282,0.889633843,1.035631442,1.190889153,1.351402234,1.513730627,1.658079998,1.818802832,2.001761237,2.17692578,2.314143226,2.351181923,2.299310312,2.199093362,5
"A15","A15_hlh",1,2,-0.074893091,0.04511763,0.164696181,0.260343285,0.35068138,0.451764986,0.582016667,0.694250248,0.771975872,0.771467611,0.667002254,0.501748774,0.305281657,0.112249771,-0.086276617,-0.307624323,-0.509956857,-0.649564757,-0.729944189,-0.813692158,-0.913133885,-0.986006789,-0.987421076,-0.904572101,-0.728178021,-0.493411665,-0.257326525,-0.064435466,0.013567746,0.002304594,2
"A15","A15_hll",1,2,-0.098376281,0.004749108,0.062450367,0.109516542,0.170375008,0.247331555,0.29797925,0.318152144,0.351277548,0.373946046,0.332889502,0.224096128,0.083209087,-0.061696168,-0.229266011,-0.413085953,-0.573350512,-0.717665286,-0.842199361,-0.972189453,-1.131387366,-1.298718987,-1.439950189,-1.512228223,-1.490080108,-1.388175432,-1.261076678,-1.136253273,-1.039281344,-0.971282459,2
"A15","A15_lhh",1,2,-0.333413855,-0.314539038,-0.328565362,-0.403924211,-0.523920257,-0.661173828,-0.791823509,-0.91373727,-0.983393425,-0.988298291,-0.959670544,-0.896776667,-0.779537304,-0.613002414,-0.418117977,-0.236761636,-0.0507162,0.168615212,0.415608782,0.681936561,0.91879223,1.134216105,1.350494686,1.561885411,1.79408343,2.051144317,2.277439159,2.365965875,2.291913233,2.157187594,5
"A15","A15_lhl",1,2,-0.287571125,-0.246360267,-0.219872141,-0.254413325,-0.316601111,-0.437492733,-0.578646089,-0.684275047,-0.748858477,-0.799612855,-0.833215923,-0.818467704,-0.756419514,-0.668646304,-0.57878552,-0.499155978,-0.423579858,-0.332642106,-0.231868484,-0.142488054,-0.077218724,-0.016931583,0.057712709,0.151342261,0.262022254,0.365320855,0.418045552,0.42067918,0.399123677,0.357292952,3
"A15","A15_llh",1,2,-0.18045886,-0.162966513,-0.185108058,-0.267933681,-0.380188923,-0.511230497,-0.644626921,-0.735133364,-0.811280182,-0.878269772,-0.923030133,-0.938147082,-0.900537704,-0.82294569,-0.739566457,-0.680243992,-0.612071163,-0.523723766,-0.402806219,-0.281630766,-0.175004389,-0.06103116,0.092605612,0.26189083,0.437723716,0.616315435,0.769794923,0.869018267,0.885637775,0.863472478,3
"A15","A15_lll",1,2,-0.020327389,-0.024374175,-0.04526516,-0.079776439,-0.133398293,-0.209696507,-0.326581641,-0.471214677,-0.595831343,-0.673067724,-0.743262197,-0.798805067,-0.83837319,-0.866583224,-0.901617108,-0.954679418,-1.017282865,-1.092106207,-1.154081495,-1.187791639,-1.209152105,-1.282854772,-1.365691553,-1.424304118,-1.429402469,-1.386272729,-1.291014874,-1.195009603,-1.105554319,-1.004188452,4
"A16","A16_hhh",1,2,-0.104925873,-0.083511286,-0.05855975,-0.013913166,0.057041349,0.14324588,0.221202535,0.308161685,0.406239053,0.499440306,0.585565352,0.676278503,0.773154537,0.867319912,0.965687244,1.043753756,1.097057898,1.157039933,1.233053512,1.322297034,1.427657713,1.551704381,1.659242238,1.726527566,1.756082926,1.753290561,1.743320746,1.72202472,1.683480008,1.647535032,1
"A16","A16_hhl",1,2,-0.129156559,-0.106160035,-0.076762214,0.01660595,0.16210289,0.307894941,0.431220272,0.554786096,0.695204173,0.850931168,0.99443623,1.118348412,1.231684495,1.331766697,1.384828371,1.376019878,1.288268845,1.167879026,1.096709663,1.076638855,1.091475644,1.115928835,1.136818994,1.145136394,1.115943959,1.045728025,0.94271611,0.826301976,0.736952127,0.713540912,1
"A16","A16_hlh",1,2,0.121547838,0.193151089,0.315177965,0.483677307,0.665728538,0.862131655,1.028599389,1.178376686,1.300106727,1.373935768,1.344726328,1.188603998,0.910234125,0.513507529,0.097884611,-0.23617668,-0.481846566,-0.654248404,-0.746693387,-0.79050923,-0.81814877,-0.840984025,-0.841865439,-0.807394945,-0.733555717,-0.630469359,-0.525622759,-0.462285737,-0.464388732,-0.504416958,2
"A16","A16_hll",1,2,0.199093719,0.234259209,0.299043824,0.394786909,0.520762086,0.667481779,0.817270125,0.986621547,1.151896055,1.269088896,1.296306598,1.24379926,1.127816278,0.910763385,0.565393306,0.125268419,-0.299238422,-0.649389768,-0.940484036,-1.140396857,-1.291509184,-1.421090848,-1.53833955,-1.639765856,-1.727545878,-1.794807494,-1.823225819,-1.823496067,-1.811336463,-1.826621559,2
"A16","A16_lhh",1,2,-0.757342068,-0.771469423,-0.819992599,-0.847478964,-0.853662193,-0.839001875,-0.817406177,-0.815109857,-0.801467507,-0.755674728,-0.679995662,-0.588977394,-0.481510858,-0.304303573,-0.017729593,0.280793163,0.504770308,0.692782872,0.895987895,1.123150725,1.369078741,1.619470793,1.841636828,2.010125802,2.128836099,2.203691077,2.255121517,2.270530401,2.250419333,2.2222921,5
"A16","A16_lhl",1,2,-0.482704823,-0.529114453,-0.577308997,-0.58243836,-0.543231752,-0.488699251,-0.452007328,-0.4370586,-0.414778048,-0.393857788,-0.384704831,-0.375481437,-0.360749017,-0.338311937,-0.342161936,-0.378979581,-0.431520433,-0.488739299,-0.523489031,-0.536587152,-0.547656157,-0.572748213,-0.609144899,-0.660014152,-0.710092524,-0.757422337,-0.807677968,-0.875144652,-0.955527369,-0.998948235,3
"A16","A16_llh",1,2,-0.614205132,-0.668591591,-0.69524189,-0.695593578,-0.676685111,-0.660740914,-0.631483987,-0.615488228,-0.601924897,-0.592363817,-0.590199935,-0.587102449,-0.570217832,-0.552331751,-0.529646559,-0.510939246,-0.505615581,-0.484383294,-0.437834896,-0.352484007,-0.239974641,-0.126457465,-0.02631273,0.052635452,0.115446823,0.170590022,0.214502878,0.219263749,0.193341352,0.17316311,3
"A16","A16_lll",1,2,-0.435679241,-0.490489079,-0.533880888,-0.523187964,-0.492227119,-0.48689144,-0.500545234,-0.500615838,-0.501137791,-0.533609379,-0.605101239,-0.697282814,-0.782642445,-0.864460055,-0.964224397,-1.099247686,-1.23498484,-1.352443473,-1.431424018,-1.487544193,-1.531454041,-1.580315327,-1.634113064,-1.690785498,-1.742059225,-1.782800471,-1.802615129,-1.795931895,-1.789495194,-1.798670381,4
"A17","A17_hhh",1,2,-0.554999509,-0.523378192,-0.493363957,-0.455257468,-0.377615334,-0.241700284,-0.100727099,0.028916096,0.152416151,0.272595991,0.386362653,0.502713106,0.642638861,0.799586207,0.945774243,1.080382489,1.221073758,1.364648733,1.512276167,1.656062761,1.787278979,1.902033985,1.978569421,2.008834545,2.020072968,2.031996548,2.028603126,2.009634238,1.995561984,1.984210298,1
"A17","A17_hhl",1,2,-0.449669739,-0.354727976,-0.250602957,-0.078541684,0.167178046,0.419586204,0.62242165,0.793554332,0.923775843,1.005781321,1.085409476,1.181927778,1.268527611,1.330272912,1.382126226,1.43645437,1.49184564,1.534850096,1.565787286,1.591678886,1.604532693,1.607338708,1.605915732,1.601519846,1.594530594,1.582758215,1.568927699,1.56649335,1.565763046,1.556553125,1
"A17","A17_hlh",1,2,-0.423898069,-0.328132979,-0.217442007,-0.094601413,0.061049856,0.276271329,0.548373649,0.853492749,1.106079377,1.252725133,1.318744149,1.244492406,0.972372148,0.536677748,0.086514399,-0.291885067,-0.584714677,-0.781267905,-0.922073165,-1.017975456,-1.076608706,-1.105447643,-1.100877467,-1.053084127,-0.960168321,-0.860749588,-0.785499866,-0.742153135,-0.763573824,-0.827200548,2
"A17","A17_hll",1,2,-0.302141509,-0.239487403,-0.17992041,-0.087910591,0.078987433,0.301406687,0.549924281,0.778896368,0.950934522,1.072990906,1.106503737,1.039281092,0.88243698,0.623276339,0.262231315,-0.168880123,-0.597242602,-0.943595815,-1.210578914,-1.42232985,-1.581789023,-1.699332227,-1.811101536,-1.915484625,-1.982583462,-1.982149134,-1.924266823,-1.860308823,-1.793537232,-1.75840935,2
"A17","A17_lhh",1,2,-0.525040505,-0.543662342,-0.599603483,-0.679547407,-0.742974777,-0.77380508,-0.774874375,-0.766789284,-0.747725883,-0.725936158,-0.68454082,-0.605107619,-0.48228986,-0.34187229,-0.212705881,-0.085041606,0.076341102,0.272649853,0.480142716,0.66353055,0.840605296,1.017799886,1.177037532,1.303849949,1.388828519,1.449059494,1.4863564,1.49638846,1.477895849,1.424408182,5
"A17","A17_lhl",1,2,-0.158670101,-0.235765613,-0.329629706,-0.425223537,-0.520508606,-0.57848706,-0.594427527,-0.593215382,-0.606362378,-0.630639926,-0.634724383,-0.603217057,-0.566454581,-0.532488423,-0.498724492,-0.465537665,-0.423707539,-0.364803705,-0.297684536,-0.235430065,-0.184740717,-0.136990767,-0.078552107,-0.011683343,0.043114945,0.075134412,0.077216365,0.07530155,0.07446483,0.070945236,3
"A17","A17_llh",1,2,-0.088193654,-0.186926917,-0.319032044,-0.445463363,-0.543834666,-0.609810391,-0.658786316,-0.664029442,-0.668235326,-0.686767857,-0.685546523,-0.649766384,-0.616831811,-0.585219763,-0.539888975,-0.483538396,-0.412983791,-0.338922133,-0.268338782,-0.191656909,-0.107939306,-0.015662674,0.090878491,0.208436946,0.3224494,0.424144883,0.486003208,0.501901856,0.480500531,0.431613026,3
"A17","A17_lll",1,2,-0.14902109,-0.145264752,-0.153708218,-0.169796284,-0.181743273,-0.207736376,-0.233477948,-0.273381646,-0.321185966,-0.383435832,-0.46529705,-0.551915787,-0.632271865,-0.714725143,-0.815215013,-0.923802686,-1.025066846,-1.121445862,-1.223794747,-1.332924366,-1.451500428,-1.581342487,-1.70238252,-1.783528545,-1.794211659,-1.76038903,-1.714581233,-1.664497483,-1.637420617,-1.627801696,4
"A18","A18_hhh",1,2,-0.113169821,-0.015626779,0.000112883,-0.077907623,-0.147000297,-0.208465464,-0.242277045,-0.20662048,-0.107393246,-0.007353484,0.125063513,0.323988108,0.517611852,0.711851115,0.844104171,0.923412055,1.034025175,1.211615668,1.426011357,1.621436869,1.780058409,1.907608813,2.031071209,2.188437741,2.343700693,2.497959534,2.636137009,2.695774339,2.689126273,2.639351078,5
"A18","A18_hhl",1,2,-0.254338812,-0.076926956,0.007753513,-0.018755641,-0.081303303,-0.141147439,-0.163118755,-0.121862503,-0.032562138,0.07027843,0.187100459,0.365403751,0.560515729,0.733445211,0.854301709,0.947630594,1.022986591,1.098103238,1.223630021,1.369960243,1.502320727,1.607180892,1.643860114,1.687489738,1.762234064,1.827315364,1.810559517,1.70570635,1.631502659,1.629517705,5
"A18","A18_hlh",1,2,0.218384934,0.130129282,0.041011394,0.016940815,0.052110749,0.102312154,0.182598148,0.321004641,0.476797478,0.567596381,0.634840591,0.63821931,0.594334639,0.428808839,0.162644757,-0.13828838,-0.448432642,-0.78595994,-1.024151565,-1.120735781,-1.229079992,-1.32999836,-1.334554433,-1.241690327,-1.26623003,-1.442747447,-1.552045604,-1.464574856,-1.294561724,-1.212622972,2
"A18","A18_hll",1,2,0.013540615,-0.015947447,-0.08292727,-0.156199205,-0.164253632,-0.122633613,-0.063197452,0.027574846,0.155978369,0.238234222,0.284486656,0.332835525,0.342297324,0.253479682,0.066372024,-0.22797652,-0.605037152,-0.961038093,-1.281278687,-1.542887687,-1.668235376,-1.584050479,-1.391236163,-1.269923206,-1.21527958,-1.134108215,-1.065466877,-1.055115411,-1.069802516,-1.014073411,2
"A18","A18_lhh",1,2,-0.145657107,-0.34320037,-0.48352639,-0.601202762,-0.724188384,-0.874140688,-1.03739962,-1.11269333,-1.1413631,-1.132202568,-1.076370682,-0.954187964,-0.734524317,-0.468221335,-0.204244484,-0.019768851,0.085534145,0.175729445,0.34670984,0.615823252,0.864300489,1.062915574,1.207078705,1.313682726,1.515397279,1.730251546,1.894026968,1.925343753,1.861342324,1.779234334,5
"A18","A18_lhl",1,2,0.235425426,0.236322859,0.115415573,-0.125054089,-0.419208307,-0.714133383,-0.900441267,-0.933412316,-0.913871866,-0.91363276,-0.903279311,-0.804950792,-0.626583153,-0.454403854,-0.318142378,-0.232066443,-0.187045563,-0.117699299,0.037226675,0.252136424,0.418089872,0.52322507,0.595240004,0.673974368,0.753983581,0.847355808,0.956576467,1.00822639,0.956853909,0.890956923,3
"A18","A18_llh",1,2,0.559267981,0.390283816,0.199599643,-0.014065333,-0.297658392,-0.600845935,-0.827373902,-0.945778917,-0.980688759,-0.979538009,-0.936089744,-0.846996477,-0.728297495,-0.643134031,-0.581724045,-0.556023181,-0.528064275,-0.488871011,-0.399830126,-0.214258564,-0.003700316,0.086971349,0.135343682,0.158587552,0.253575193,0.395067758,0.549367297,0.613764706,0.578906255,0.476461044,3
"A18","A18_lll",1,2,0.36610394,0.322025699,0.126161356,-0.11001249,-0.269540451,-0.401584815,-0.462999167,-0.445501378,-0.433753044,-0.445137655,-0.452038616,-0.474125008,-0.537627368,-0.682841177,-0.876142463,-1.057468727,-1.211121884,-1.331843673,-1.429230048,-1.539878073,-1.620443328,-1.603830838,-1.539806051,-1.515346325,-1.517857968,-1.532885968,-1.537059434,-1.402884359,-1.237455462,-1.319312018,4
"A19","A19_hhh",1,2,-0.845119059,-0.753676048,-0.663549309,-0.566196744,-0.475739629,-0.371431224,-0.235127529,-0.076409823,0.08102832,0.224058725,0.382029534,0.554406009,0.712420829,0.831859694,0.905466779,0.973631751,1.04612308,1.12879437,1.198149601,1.241436562,1.275880754,1.331849271,1.427719094,1.572717443,1.733869643,1.869766191,1.929182632,1.943319103,1.933087435,1.900554545,5
"A19","A19_hhl",1,2,-0.947274203,-0.791490107,-0.603598426,-0.410270453,-0.216844492,-0.041541511,0.129563591,0.292968818,0.442376512,0.572168715,0.703836005,0.845833543,0.968110596,1.056926392,1.118651513,1.163777445,1.21448818,1.27546591,1.330639178,1.370413089,1.397056457,1.424441787,1.457840678,1.507555353,1.575739666,1.658329546,1.728045447,1.74861348,1.727489196,1.677502563,1
"A19","A19_hlh",1,2,-0.625697653,-0.497107254,-0.343467835,-0.17120711,0.014696399,0.20295694,0.394803652,0.575124725,0.744005123,0.917625341,1.108349388,1.279528204,1.354718486,1.313884177,1.16367324,0.913213133,0.623323601,0.336831863,0.049426067,-0.266955558,-0.579335281,-0.859805268,-1.098045238,-1.272168321,-1.386977984,-1.471971769,-1.563759956,-1.669402889,-1.758183951,-1.806329146,2
"A19","A19_hll",1,2,-0.728547422,-0.551344586,-0.376638342,-0.215105496,-0.041569141,0.132564402,0.31553079,0.509875968,0.696398205,0.845597166,1.002749621,1.145238436,1.193658845,1.108596084,0.910928502,0.624734801,0.267818201,-0.1038898,-0.445849559,-0.763765633,-1.037556051,-1.226005096,-1.356100016,-1.441393431,-1.512683449,-1.599025209,-1.685785774,-1.782370564,-1.887523037,-1.989050008,2
"A19","A19_lhh",1,2,-0.760453873,-0.775298263,-0.823826824,-0.895967944,-0.964165282,-1.002056508,-0.981712868,-0.914736577,-0.843256504,-0.768828216,-0.684216514,-0.567123433,-0.424207594,-0.281441647,-0.156487942,-0.035014625,0.128973396,0.313109081,0.46740856,0.579411513,0.67935034,0.790556761,0.910229986,1.059920887,1.254532272,1.472882524,1.708490643,1.930886216,2.076508705,2.12559174,5
"A19","A19_lhl",1,2,-0.640211134,-0.735867533,-0.832473473,-0.884931576,-0.879403066,-0.851364317,-0.819702618,-0.78372295,-0.726896516,-0.660665461,-0.592711272,-0.518639916,-0.411992739,-0.296261182,-0.214182456,-0.158417988,-0.090736186,0.001498812,0.089104063,0.128563538,0.138895864,0.150685101,0.169849272,0.192945557,0.225601411,0.279990047,0.35884683,0.461754142,0.550450927,0.572695988,3
"A19","A19_llh",1,2,-0.237714605,-0.328833581,-0.459946619,-0.56913033,-0.674081884,-0.746400551,-0.747981823,-0.743400086,-0.763512793,-0.774961807,-0.734519917,-0.641635499,-0.545240287,-0.488656522,-0.43608433,-0.348906212,-0.224533119,-0.102408043,-0.009600556,0.046977436,0.098851688,0.172885731,0.267438234,0.391105283,0.561882786,0.783826498,1.024963062,1.201981505,1.288431154,1.310307861,3
"A19","A19_lll",1,2,-0.369616034,-0.403061206,-0.393154584,-0.34963119,-0.306968863,-0.299715901,-0.313946907,-0.335647177,-0.36269779,-0.40098965,-0.444331673,-0.481412651,-0.524725663,-0.588780482,-0.671236653,-0.778478767,-0.892663697,-1.00611821,-1.114464832,-1.216124709,-1.330941082,-1.45081798,-1.567589073,-1.661908757,-1.735026694,-1.797162021,-1.846443004,-1.889421496,-1.978952416,-2.118982701,4
"A2","A2_hhh",1,2,-0.437619725,-0.396765886,-0.344223936,-0.270483615,-0.232375866,-0.242469512,-0.307794341,-0.340086758,-0.315406504,-0.232900794,-0.133840145,-0.010786586,0.148325477,0.383271432,0.624738902,0.825198275,0.977228991,1.138715634,1.330393722,1.535759203,1.730909247,1.908684118,2.047179931,2.138600071,2.223615021,2.30881888,2.357593816,2.405806481,2.489571058,2.58148366,5
"A2","A2_hhl",1,2,-0.226371094,-0.311606757,-0.389454503,-0.411746583,-0.341847974,-0.215989226,-0.096533309,-0.015939692,0.011219816,0.028793709,0.094194063,0.202892058,0.316962133,0.417832976,0.513039065,0.620989063,0.739523077,0.891215851,1.044141702,1.17421318,1.28922741,1.410048219,1.510112352,1.596310848,1.684738052,1.755231037,1.781157199,1.748303178,1.695718496,1.667726541,5
"A2","A2_hlh",1,2,-0.460131762,-0.473332423,-0.46342938,-0.37411879,-0.231541921,-0.118377306,-0.017634078,0.122310953,0.273232316,0.360782746,0.389927617,0.379189356,0.332072554,0.226912662,0.084679317,-0.067753589,-0.243123085,-0.405880486,-0.542810653,-0.656304315,-0.776066491,-0.854639177,-0.861802963,-0.819607387,-0.700103659,-0.484395263,-0.233551055,-0.138548722,-0.226437493,-0.3430924,2
"A2","A2_hll",1,2,-0.290389594,-0.362307346,-0.342671914,-0.230043997,-0.130055486,-0.050698449,0.012749661,0.087567745,0.16996095,0.206353503,0.202469427,0.168980923,0.129907951,0.083144039,0.025789427,-0.127918415,-0.535915145,-0.912126051,-1.247944793,-1.394141572,-1.453508571,-1.534540548,-1.682498344,-1.795376772,-1.916631616,-2.018298785,-2.026959457,-2.012707168,-2.08704539,-2.250870076,2
"A2","A2_lhh",1,2,-0.184974186,-0.216215401,-0.261325182,-0.315300526,-0.340704542,-0.393082478,-0.480905255,-0.563267726,-0.627648173,-0.656519267,-0.673395084,-0.670854977,-0.610643586,-0.529518112,-0.412511859,-0.26045734,-0.079050874,0.124707947,0.361615756,0.62222327,0.91045689,1.214139323,1.495965648,1.76585944,2.076650473,2.400944867,2.627905045,2.734573987,2.77070348,2.809790515,5
"A2","A2_lhl",1,2,-0.190062301,-0.186316063,-0.181350725,-0.223147489,-0.235405502,-0.276123101,-0.346250858,-0.44133256,-0.499218317,-0.516324897,-0.550118152,-0.61220675,-0.645198901,-0.663082753,-0.672376949,-0.664092331,-0.623983758,-0.58778862,-0.531897329,-0.442008027,-0.320388282,-0.187715135,-0.05208246,0.114749892,0.360683717,0.637022883,0.839431051,0.869618958,0.765331901,0.641446207,3
"A2","A2_llh",1,2,0.174048437,0.051490619,-0.087856467,-0.169370946,-0.187968316,-0.212961625,-0.256903966,-0.297520701,-0.364229215,-0.444477005,-0.532151497,-0.593969548,-0.610661753,-0.600603181,-0.597715197,-0.604921279,-0.569402758,-0.509422668,-0.439757032,-0.365451494,-0.275188701,-0.160263064,0.001058052,0.231421384,0.533992478,0.903070729,1.249046284,1.526962778,1.72268544,1.832299898,3
"A2","A2_lll",1,2,0.068290421,-0.132984773,-0.286664161,-0.363050231,-0.362461485,-0.359221776,-0.407120712,-0.541480524,-0.690229034,-0.764514638,-0.794760502,-0.775606433,-0.724937854,-0.669585407,-0.635164346,-0.672403306,-0.712329334,-0.774967999,-0.831559422,-0.943857541,-1.101077266,-1.220358829,-1.303463105,-1.304983048,-1.323184472,-1.345989693,-1.425422799,-1.458491567,-1.533033474,-1.609582191,4
"A20","A20_hhh",1,2,0.042079788,0.117627483,0.195884824,0.244591435,0.281190164,0.332975489,0.385278026,0.445045978,0.503290575,0.550218696,0.622973992,0.734117364,0.884215571,1.043189943,1.175958353,1.305549896,1.411026287,1.509909718,1.616684945,1.73309063,1.857310471,1.970829834,2.053203215,2.117846992,2.16539963,2.203932567,2.237115138,2.260397727,2.251153064,2.2003896,1
"A20","A20_hhl",1,2,-0.171974789,-0.052016485,0.043192936,0.116503501,0.195467749,0.273821048,0.368272894,0.498557259,0.621537968,0.718193174,0.773299786,0.884375975,1.034176253,1.160935563,1.220283492,1.257899578,1.317649902,1.404991242,1.496782224,1.591995783,1.651128259,1.684851157,1.696842672,1.689946853,1.665237443,1.653946784,1.665121093,1.668519451,1.621541058,1.519456896,1
"A20","A20_hlh",1,2,-0.12995257,-0.046819257,0.025359621,0.065735546,0.129449053,0.196226185,0.250186538,0.332276248,0.458204684,0.620751455,0.811457508,0.988925968,1.120977361,1.115277247,0.98628155,0.737193153,0.392076154,0.014817297,-0.315433454,-0.570551869,-0.765131583,-0.916012246,-1.012428459,-1.066508815,-1.073278108,-1.045947162,-0.987137565,-0.912500681,-0.875809498,-0.888251006,2
"A20","A20_hll",1,2,0.138465658,0.189378717,0.206693493,0.229287119,0.277622391,0.314750891,0.363166579,0.454296133,0.606769321,0.766073436,0.931625241,1.091130269,1.210606209,1.23896888,1.114041771,0.850452794,0.476042363,0.054539885,-0.328564419,-0.689356552,-0.952888593,-1.123590041,-1.210048407,-1.250865494,-1.273168638,-1.247868648,-1.194662854,-1.147194797,-1.142878854,-1.222691049,2
"A20","A20_lhh",1,2,-0.476527441,-0.540100249,-0.597990106,-0.628638822,-0.666793161,-0.7256725,-0.793330796,-0.86532593,-0.946492443,-0.995278776,-0.994674268,-0.944432056,-0.857723479,-0.758363045,-0.676126004,-0.60501677,-0.517860983,-0.40295025,-0.252297211,-0.055637992,0.202461058,0.490596931,0.75837542,1.002131293,1.20519632,1.394200761,1.561222395,1.699498152,1.799492445,1.870972324,5
"A20","A20_lhl",1,2,-0.537985047,-0.521662631,-0.589789662,-0.65803709,-0.68927322,-0.762411049,-0.901496897,-1.026897392,-1.089869693,-1.107129672,-1.077910952,-0.997850575,-0.89855008,-0.821807296,-0.778132771,-0.732965057,-0.679436547,-0.620202904,-0.549827398,-0.466913059,-0.371932173,-0.270977818,-0.181738192,-0.123949664,-0.070721824,-0.012465803,0.057955129,0.104807535,0.104146248,0.0729353,3
"A20","A20_llh",1,2,-0.259735232,-0.293736109,-0.399665305,-0.535145026,-0.658027312,-0.775890462,-0.881670101,-0.961955489,-1.054889147,-1.146232676,-1.169882753,-1.136671509,-1.079455812,-1.053580828,-1.058305478,-1.058611834,-1.049355549,-1.014476983,-0.950393079,-0.842509922,-0.711202966,-0.568035092,-0.406125081,-0.232254693,-0.068302328,0.112528818,0.343637974,0.554126615,0.741913556,0.878591474,3
"A20","A20_lll",1,2,-0.587758946,-0.46414909,-0.406752155,-0.403456167,-0.424320958,-0.495949002,-0.571342316,-0.597563642,-0.591316831,-0.611706259,-0.659440786,-0.708633233,-0.736826329,-0.750966014,-0.803891611,-0.895596468,-1.002544679,-1.115655074,-1.213094681,-1.283360592,-1.343404033,-1.414199746,-1.488287656,-1.52865911,-1.55095893,-1.515069258,-1.443000189,-1.39008425,-1.392291876,-1.449812571,4
"A21","A21_hhh",1,2,-0.340433378,-0.321354747,-0.323047704,-0.323299393,-0.295715394,-0.225452339,-0.120574115,-0.030157353,0.045829374,0.134077674,0.261672953,0.40778227,0.546154539,0.69870051,0.871164485,1.030856265,1.174581778,1.314005758,1.462129407,1.631576529,1.807814883,1.966623566,2.096991796,2.194774903,2.278721535,2.340400518,2.369788015,2.360063554,2.306652187,2.257476219,5
"A21","A21_hhl",1,2,-0.364478016,-0.29825401,-0.249502717,-0.208077186,-0.124589662,0.018998392,0.193497195,0.40723503,0.651112697,0.894406642,1.131280194,1.34549572,1.511417555,1.653972892,1.798111464,1.924537796,1.990974139,2.046513385,2.11946331,2.209512513,2.273867161,2.297543694,2.295779821,2.292096307,2.293105796,2.296847245,2.282279478,2.223522793,2.124784033,2.034602837,1
"A21","A21_hlh",1,2,-0.581426732,-0.47690172,-0.432331443,-0.412257807,-0.316883235,-0.168746059,0.012896641,0.168778652,0.354748163,0.608941938,0.885373165,1.087357586,1.125526326,1.016689533,0.790448545,0.465315079,0.097945539,-0.243206938,-0.543377142,-0.762727834,-0.918767664,-1.022617543,-1.046929721,-1.01161742,-0.947433434,-0.874123739,-0.786547429,-0.707063973,-0.696172888,-0.741635418,2
"A21","A21_hll",1,2,-0.4780335,-0.433832559,-0.427153644,-0.426678961,-0.364595526,-0.197724186,0.010222479,0.209363579,0.450451351,0.776029305,1.131781249,1.420315139,1.545850584,1.496016153,1.324789855,1.016413386,0.556719741,0.028105245,-0.435928055,-0.759205964,-0.971843172,-1.146404556,-1.26134105,-1.310322854,-1.320547824,-1.3062905,-1.269545266,-1.247055852,-1.255336995,-1.304742243,2
"A21","A21_lhh",1,2,-0.574147016,-0.582990565,-0.6238321,-0.633124646,-0.593534451,-0.545757256,-0.553499086,-0.600498531,-0.639668151,-0.658182326,-0.680882027,-0.702474133,-0.711609543,-0.70365565,-0.664200044,-0.595024636,-0.521987809,-0.449906635,-0.353846272,-0.20825632,-0.054639647,0.095956895,0.249005834,0.405932861,0.560763708,0.696145497,0.79765393,0.859898872,0.865858519,0.827745665,3
"A21","A21_lhl",1,2,-0.667832006,-0.595564167,-0.550611124,-0.498038833,-0.466129977,-0.456795877,-0.5046656,-0.570920969,-0.613235545,-0.628417761,-0.633672849,-0.636911001,-0.64686938,-0.650654843,-0.639266191,-0.628781334,-0.646625455,-0.681175238,-0.687043755,-0.670631064,-0.6550669,-0.646763332,-0.646716168,-0.639211648,-0.608849529,-0.558114341,-0.513854444,-0.494756845,-0.507104702,-0.542300322,3
"A21","A21_llh",1,2,-0.417584678,-0.33217232,-0.283324013,-0.236879049,-0.185541589,-0.168938993,-0.223260376,-0.30561694,-0.359379879,-0.386480995,-0.418071113,-0.467803885,-0.521989038,-0.546448377,-0.543070797,-0.56107121,-0.613501508,-0.656385796,-0.653860024,-0.612559246,-0.550823694,-0.470571371,-0.390897305,-0.312797729,-0.193934913,-0.036336442,0.088320551,0.15835337,0.184948102,0.154172899,3
"A21","A21_lll",1,2,-0.446356014,-0.426599991,-0.420999416,-0.377536542,-0.313838332,-0.293088815,-0.34539982,-0.44357287,-0.530070086,-0.586113024,-0.639412893,-0.69972408,-0.770067864,-0.83901335,-0.881652146,-0.907759471,-0.947391743,-1.015283838,-1.092140384,-1.150910331,-1.182822081,-1.190499923,-1.195708715,-1.192579794,-1.18064383,-1.14733219,-1.114017511,-1.083397433,-1.071064332,-1.088749744,4
"A22","A22_hhh",1,2,-0.785230587,-0.723598681,-0.713268811,-0.727435649,-0.726536858,-0.736123543,-0.733726487,-0.699704944,-0.643175982,-0.573729225,-0.450236201,-0.255826842,-0.079429826,0.073310499,0.228946743,0.386496713,0.534348332,0.718362332,0.926597793,1.150768709,1.358547008,1.553313897,1.715212431,1.877911244,2.025067815,2.119423384,2.172704496,2.207464467,2.181333758,1.959676322,5
"A22","A22_hhl",1,2,-0.716799992,-0.762893253,-0.744962968,-0.716751839,-0.662985875,-0.586092753,-0.523225631,-0.466803817,-0.420561502,-0.35718588,-0.229900501,-0.031275061,0.175155986,0.345378424,0.493648056,0.623292363,0.751413537,0.891257939,1.052507233,1.228626176,1.394173133,1.546656565,1.689343652,1.833647511,1.985592662,2.101450107,2.165240294,2.153119838,2.08108844,1.915043503,5
"A22","A22_hlh",1,2,0.295288801,0.428208007,0.515344421,0.572024651,0.651452984,0.786810666,0.915220943,0.978698708,0.947590994,0.847199265,0.703980696,0.539985122,0.314222046,0.014262879,-0.321570546,-0.637709491,-0.899690642,-1.09862796,-1.224718144,-1.313875754,-1.383484134,-1.420353599,-1.428351062,-1.39076318,-1.322028684,-1.235646649,-1.140651865,-1.053253635,-0.944142807,-0.746952275,2
"A22","A22_hll",1,2,-0.069230234,0.033651326,0.170776224,0.343532457,0.55564141,0.734203612,0.872258646,0.983150823,1.02043407,0.959586769,0.812709505,0.620582457,0.388755095,0.100307255,-0.247297772,-0.568660844,-0.824619969,-1.025420218,-1.175909018,-1.302966841,-1.398997271,-1.46709801,-1.508906137,-1.509185864,-1.463894659,-1.379949281,-1.279166439,-1.150640997,-1.001551249,-0.820733604,2
"A22","A22_lhh",1,2,-0.608138013,-0.654710587,-0.744225701,-0.804392375,-0.798874726,-0.767025564,-0.766445055,-0.761218549,-0.745970191,-0.702691316,-0.573735382,-0.368730271,-0.181231695,-0.031589614,0.118694908,0.265106704,0.39953169,0.583805019,0.816327553,1.075511859,1.29842992,1.484682728,1.658730331,1.833518904,2.007447383,2.137753837,2.24494069,2.334599673,2.382925478,2.314409729,5
"A22","A22_lhl",1,2,-0.469352618,-0.520636761,-0.557792651,-0.613905486,-0.584821871,-0.494284624,-0.453901682,-0.482272005,-0.526999716,-0.529883583,-0.475255264,-0.40871492,-0.358769676,-0.317194712,-0.279367562,-0.249724774,-0.208111084,-0.121412485,-0.016756589,0.083088245,0.184665226,0.301267938,0.412845176,0.49985705,0.588787146,0.675694018,0.68768082,0.6501893,0.598148416,0.539473491,3
"A22","A22_llh",1,2,-0.502538061,-0.578512282,-0.65516574,-0.704018525,-0.678395494,-0.642422861,-0.632925034,-0.648534025,-0.645880331,-0.625457358,-0.575183971,-0.489732912,-0.390962169,-0.30681207,-0.262523766,-0.238966848,-0.194949036,-0.119943431,-0.024554875,0.09235555,0.225818116,0.339656447,0.429534573,0.537817416,0.657594933,0.763403477,0.844139066,0.895987821,0.872892823,0.726633085,3
"A22","A22_lll",1,2,0.024236619,-0.024881339,-0.056060699,-0.065591271,-0.060053973,-0.004628245,0.028643676,-0.028696059,-0.162202704,-0.292274548,-0.393960239,-0.479084693,-0.60437432,-0.770352608,-0.943792135,-1.081390427,-1.21468997,-1.331687714,-1.427791609,-1.475380657,-1.507763163,-1.514196593,-1.516330434,-1.470978778,-1.386931809,-1.299078516,-1.2255243,-1.14497832,-1.041144374,-0.8958811,4
"A23","A23_hhh",1,2,-0.61782521,-0.566904567,-0.524842478,-0.479046848,-0.400427506,-0.313393083,-0.216601572,-0.125963847,-0.018359782,0.112731146,0.23779772,0.375229522,0.53286371,0.684011393,0.824976849,0.93414114,1.040508359,1.153653525,1.26818313,1.409931351,1.544163773,1.649522053,1.747815905,1.847157094,1.932295863,2.003509294,2.049480537,2.054247348,2.021208357,1.979011704,5
"A23","A23_hhl",1,2,-0.361983741,-0.246662347,-0.125111237,-0.00177889,0.153562165,0.342781803,0.540789315,0.721031168,0.874479702,1.003798378,1.128841515,1.253091186,1.369120948,1.476327857,1.554773841,1.611536717,1.646137097,1.674915297,1.706945067,1.752825305,1.788261698,1.808686667,1.818262511,1.828940403,1.843856659,1.860537607,1.864788607,1.850425481,1.806863187,1.729013614,1
"A23","A23_hlh",1,2,-0.609573207,-0.56772793,-0.538483161,-0.457380066,-0.306791984,-0.080859072,0.189243716,0.513118046,0.854548284,1.095641143,1.209973484,1.202579027,1.055025071,0.762674141,0.363620657,-0.027641148,-0.352828986,-0.6309575,-0.82521446,-0.935321745,-1.009180737,-1.059066268,-1.084778172,-1.074167246,-1.025351836,-0.926132499,-0.778966486,-0.635308308,-0.531075762,-0.502157951,2
"A23","A23_hll",1,2,-0.456257249,-0.415000583,-0.385563105,-0.329771701,-0.203676642,-0.014208598,0.237831621,0.543548908,0.855595652,1.118030839,1.263955843,1.289116682,1.193868215,0.966569866,0.651301489,0.258525622,-0.174954532,-0.574478307,-0.873842153,-1.077595351,-1.203600355,-1.302056041,-1.378413454,-1.443592846,-1.478742944,-1.458625365,-1.389993264,-1.286682903,-1.161910248,-1.07155076,2
"A23","A23_lhh",1,2,-0.632943749,-0.594201304,-0.584234415,-0.601848957,-0.613292646,-0.629322806,-0.659781908,-0.721844885,-0.771095645,-0.796938989,-0.804539539,-0.786187433,-0.733609706,-0.652757262,-0.55916732,-0.448805792,-0.323380093,-0.152312699,0.062130597,0.327059884,0.613661556,0.85285733,1.091487348,1.346604028,1.587163946,1.795027971,1.946385917,2.034055742,2.050578495,2.008834655,5
"A23","A23_lhl",1,2,-0.146105871,-0.202637549,-0.330187558,-0.491987056,-0.629276452,-0.709156336,-0.741553122,-0.770422826,-0.812983216,-0.853833078,-0.869342509,-0.858663135,-0.820748713,-0.773552386,-0.731101768,-0.694406031,-0.649323809,-0.600918079,-0.535933961,-0.448974545,-0.396306186,-0.376463155,-0.349893604,-0.306082589,-0.249182043,-0.185774062,-0.139272059,-0.136305082,-0.186970319,-0.28188647,3
"A23","A23_llh",1,2,-0.110028643,-0.070499052,-0.118306278,-0.244029875,-0.371326438,-0.483577336,-0.586281872,-0.678647767,-0.775660495,-0.844506434,-0.888627741,-0.907226202,-0.890881944,-0.849256294,-0.806087599,-0.76598418,-0.721340184,-0.666749189,-0.587647285,-0.45985023,-0.309131837,-0.157467462,-0.00551551,0.18234705,0.426374611,0.698886633,0.94624237,1.102436484,1.176241509,1.193624628,3
"A23","A23_lll",1,2,-0.174466205,-0.156257656,-0.210374392,-0.320263044,-0.409434115,-0.455143494,-0.497158826,-0.557669938,-0.649137991,-0.7367286,-0.811289926,-0.87094978,-0.921097229,-0.960328231,-0.986710465,-1.015872531,-1.060078128,-1.119845679,-1.186056208,-1.238004471,-1.274773083,-1.308784116,-1.341800969,-1.366531653,-1.380876133,-1.36872042,-1.323051167,-1.244101066,-1.154814745,-1.096961759,4
"A24","A24_hhh",1,2,-0.108754891,-0.090152204,-0.132685454,-0.226997516,-0.309088035,-0.342191977,-0.315151559,-0.244404149,-0.15584515,-0.052334066,0.090359886,0.259221902,0.43043731,0.580942826,0.743849301,0.901364459,1.063781306,1.264091221,1.466566039,1.642875373,1.817455401,1.989242777,2.123839764,2.207113183,2.230764255,2.233185502,2.231008195,2.220313648,2.172721356,2.137925822,5
"A24","A24_hhl",1,2,-0.112289176,-0.055438233,-0.015506136,0.000593399,0.007585855,0.042980693,0.121161563,0.21012625,0.285318939,0.353213012,0.44498516,0.555963064,0.657651539,0.749635342,0.855638986,0.965721723,1.05882478,1.152058753,1.269295054,1.390998088,1.478642596,1.528694238,1.558134395,1.577542333,1.588993084,1.584864925,1.570804899,1.551335093,1.53734589,1.532182547,1
"A24","A24_hlh",1,2,0.615813142,0.688821938,0.752217309,0.784909403,0.812070644,0.832564386,0.837096909,0.793226403,0.72234696,0.609037966,0.433487712,0.219454531,-0.03126362,-0.311184667,-0.591430745,-0.833135581,-1.000443728,-1.089909503,-1.153453403,-1.19139069,-1.226122071,-1.252782,-1.255447076,-1.227815532,-1.184645708,-1.154622834,-1.143572895,-1.154663092,-1.172819084,-1.194240408,2
"A24","A24_hll",1,2,0.509321691,0.676214686,0.815613268,0.915560018,0.992995795,1.065527039,1.125332166,1.15496741,1.12818269,1.029928169,0.875981792,0.653175891,0.352630966,0.008000872,-0.328515675,-0.616019953,-0.825038841,-0.926838925,-0.982182713,-1.018527713,-1.070953511,-1.108690234,-1.123985098,-1.111275358,-1.07565063,-1.048771566,-1.038135974,-1.052382715,-1.09192897,-1.130859171,2
"A24","A24_lhh",1,2,-0.176827114,-0.202409306,-0.302675105,-0.446311282,-0.571315021,-0.645786677,-0.66613833,-0.657455078,-0.62105969,-0.554143743,-0.444669699,-0.294753144,-0.153143229,-0.020044135,0.129322191,0.298137453,0.475462574,0.672943752,0.88609146,1.098636174,1.267413176,1.407557196,1.55146734,1.673916272,1.771969759,1.84226989,1.847543871,1.837308878,1.835237842,1.829509247,5
"A24","A24_lhl",1,2,-0.337776512,-0.407270948,-0.500676317,-0.601118618,-0.69436643,-0.79263616,-0.864979353,-0.885061404,-0.883682983,-0.87591969,-0.875335863,-0.846001015,-0.792162009,-0.724164476,-0.666568892,-0.622070379,-0.557508537,-0.476087719,-0.40413594,-0.333468003,-0.26005884,-0.193862149,-0.140158943,-0.086491703,-0.039192537,-0.009345203,0.000148924,-0.023177145,-0.067449499,-0.129009393,3
"A24","A24_llh",1,2,-0.43468804,-0.4651159,-0.522423189,-0.622641299,-0.735342725,-0.818364128,-0.865418381,-0.875947072,-0.878257899,-0.871042392,-0.818013965,-0.730096407,-0.6402506,-0.569328603,-0.513280942,-0.447450385,-0.337529216,-0.215634835,-0.094019571,0.022913916,0.143844838,0.271716768,0.39666342,0.506058411,0.582984154,0.624020275,0.664320991,0.702286903,0.694645481,0.624875212,3
"A24","A24_lll",1,2,-0.133449039,-0.21143054,-0.313011707,-0.463050444,-0.611523971,-0.737214997,-0.83096523,-0.891817117,-0.94214317,-1.000210019,-1.064963608,-1.122809478,-1.163095023,-1.198042943,-1.250244658,-1.308010972,-1.35339629,-1.380252703,-1.402377076,-1.420509387,-1.437937908,-1.453049696,-1.458219995,-1.452066463,-1.438569172,-1.427291963,-1.430043477,-1.438606619,-1.470873552,-1.515068644,4
"A25","A25_hhh",1,2,-0.314588967,-0.328718771,-0.294902345,-0.190916558,-0.061278306,0.052480936,0.174312217,0.310606695,0.445498207,0.582148922,0.718004808,0.859737572,1.007269376,1.157691293,1.302172685,1.427905436,1.527640718,1.603145263,1.673425951,1.751673694,1.83566785,1.921819431,1.988852748,2.046036061,2.092840147,2.133461971,2.160426286,2.167360804,2.163338008,2.14691252,1
"A25","A25_hhl",1,2,-0.539994375,-0.504204798,-0.453208304,-0.372339408,-0.266312919,-0.132636787,-0.000374922,0.129931424,0.268128485,0.416335364,0.555614745,0.670571695,0.772947732,0.900992071,1.058101775,1.168060346,1.240270193,1.317219767,1.372064405,1.41402878,1.459257775,1.501056992,1.538883427,1.568251891,1.580505997,1.584543307,1.58089346,1.566398757,1.531879578,1.512784119,1
"A25","A25_hlh",1,2,-0.36410717,-0.312811164,-0.241160988,-0.153810541,-0.038563162,0.109790833,0.26434727,0.442041081,0.640030746,0.844217241,0.979414654,1.035599684,1.029596244,0.950484779,0.791086924,0.510938951,0.162609132,-0.192294237,-0.472329453,-0.627300926,-0.703168288,-0.738811435,-0.765492157,-0.793690914,-0.818717041,-0.831470199,-0.826416103,-0.829152862,-0.82533323,-0.824176368,2
"A25","A25_hll",1,2,-0.262889517,-0.218110386,-0.160530672,-0.061461183,0.088480205,0.260265917,0.460718703,0.706202818,0.97246745,1.196990661,1.358829102,1.437092848,1.403288371,1.280766546,1.062289935,0.734676581,0.371980552,0.006110726,-0.31504155,-0.61739295,-0.867538407,-1.012583603,-1.091956081,-1.149874524,-1.186164211,-1.204404571,-1.217370545,-1.222526883,-1.232316504,-1.223065975,2
"A25","A25_lhh",1,2,-0.574915289,-0.561657843,-0.540792766,-0.526079143,-0.539956215,-0.59973277,-0.663278306,-0.69726083,-0.686369588,-0.649441872,-0.611727437,-0.548559265,-0.428241027,-0.269606508,-0.108696798,0.030872742,0.163412187,0.304734413,0.468421073,0.66167516,0.884047345,1.10763296,1.331115345,1.54919048,1.737797851,1.91270395,2.069160705,2.183692939,2.250735441,2.25722997,5
"A25","A25_lhl",1,2,-0.641272872,-0.671571374,-0.712429453,-0.719661508,-0.687239393,-0.662614465,-0.662911411,-0.672312502,-0.683530207,-0.6995929,-0.713450056,-0.706825062,-0.675897512,-0.648120897,-0.637086229,-0.635465984,-0.631851676,-0.615337868,-0.586156889,-0.554282704,-0.52212969,-0.493204211,-0.466627044,-0.43916092,-0.413989836,-0.411048441,-0.442293686,-0.498233848,-0.556709498,-0.599470201,3
"A25","A25_llh",1,2,-0.590591667,-0.55051385,-0.520995771,-0.50964545,-0.494634861,-0.513806666,-0.561001932,-0.613273816,-0.661009432,-0.709732161,-0.7640438,-0.816604244,-0.849297717,-0.85097231,-0.839354878,-0.83996167,-0.854150928,-0.86695281,-0.853279067,-0.810773758,-0.749840351,-0.666731118,-0.55667531,-0.411010059,-0.223929661,0.002281542,0.256263341,0.469921659,0.642160475,0.756888608,3
"A25","A25_lll",1,2,-0.448118708,-0.502263367,-0.545581495,-0.599024643,-0.625881454,-0.644426355,-0.67995246,-0.724579125,-0.795718703,-0.87880922,-0.958723106,-1.033163964,-1.106303002,-1.159357118,-1.195190692,-1.231430943,-1.273710097,-1.321726605,-1.351524747,-1.363648487,-1.369945568,-1.374554473,-1.381165513,-1.389429326,-1.398387933,-1.403730393,-1.40348485,-1.42081974,-1.446743442,-1.464924754,4
"A26","A26_hhh",1,2,0.415300186,0.393244557,0.356409564,0.383987025,0.506771605,0.641080745,0.771370139,0.892457876,0.995184183,1.085567684,1.172456979,1.249458874,1.312720205,1.368055319,1.412613681,1.44565129,1.49035967,1.567090085,1.64482132,1.687405743,1.701590175,1.705569179,1.706514884,1.722051955,1.754716137,1.783538197,1.79088671,1.766557391,1.633137985,1.455392004,1
"A26","A26_hhl",1,2,0.351573856,0.351612783,0.397366335,0.6570032,0.989128535,1.21999746,1.347740844,1.416678588,1.455548965,1.488288278,1.508217607,1.51110091,1.508850959,1.508213831,1.508374305,1.522633582,1.586259349,1.672266494,1.727941693,1.744758112,1.74276393,1.730479147,1.715208215,1.706838618,1.713636746,1.717487473,1.69601913,1.639426133,1.524589736,1.359132551,1
"A26","A26_hlh",1,2,-0.05823645,-0.189895109,-0.302070843,-0.25119923,-0.154249164,-0.03343903,0.167770318,0.392640019,0.574850423,0.706924289,0.748420628,0.660861883,0.443058395,0.117420176,-0.233634835,-0.530054127,-0.753260301,-0.929649575,-1.04579412,-1.003747588,-0.800973963,-0.622197685,-0.627854162,-0.679775592,-0.733881885,-0.754305939,-0.757125142,-0.701570411,-0.687832964,-0.83856541,2
"A26","A26_hll",1,2,-0.176621281,-0.386902623,-0.533174858,-0.472488761,-0.264840528,0.04232669,0.387094255,0.725827219,0.980440689,1.122442451,1.101514322,0.885202157,0.507014639,0.004866859,-0.416741731,-0.699304772,-0.805325483,-0.690867659,-0.488843,-0.320390405,-0.235189942,-0.338564059,-0.520887468,-0.557006607,-0.589860724,-0.66305267,-0.658850431,-0.597655944,-0.628252108,-0.781412824,2
"A26","A26_lhh",1,2,-0.812389983,-0.902098307,-1.065157448,-1.152964939,-1.165754848,-1.231660726,-1.293648425,-1.306411681,-1.284006708,-1.278483639,-1.24586886,-1.193158113,-1.102394521,-0.96487284,-0.789584358,-0.605144194,-0.400976635,-0.165450889,0.076746193,0.303318726,0.497191095,0.662077869,0.810638359,0.943856725,1.074618544,1.213723983,1.377637352,1.514993023,1.520666586,1.354956425,5
"A26","A26_lhl",1,2,0.142652033,-0.137431954,-0.52321646,-0.739514331,-0.873435474,-1.0098135,-1.063492881,-1.097284808,-1.138613094,-1.172589174,-1.151873949,-1.075752491,-0.983672071,-0.871825564,-0.756433759,-0.643056311,-0.528742994,-0.401178315,-0.270441824,-0.16121877,-0.079028028,-0.027125989,-0.001707255,0.014737496,0.036105078,0.061176542,0.086500988,0.088870921,0.015459868,-0.181455542,3
"A26","A26_llh",1,2,-0.225074564,-0.423524773,-0.658648058,-0.797432044,-0.946775941,-1.119745898,-1.198506034,-1.213092259,-1.253746244,-1.263763387,-1.218959913,-1.16195756,-1.10657171,-1.039916883,-0.961032336,-0.874227569,-0.76671153,-0.612148884,-0.438921059,-0.27273438,-0.116730474,0.023901039,0.138258136,0.228404426,0.31164864,0.388752673,0.463795574,0.515873218,0.445543707,0.241474287,3
"A26","A26_lll",1,2,-0.058723772,-0.287510252,-0.576834721,-0.745311133,-0.752559126,-0.769279662,-0.849259655,-0.942131109,-1.041245271,-1.121299701,-1.163283963,-1.16229461,-1.150946927,-1.15891179,-1.173666815,-1.179435758,-1.151821013,-1.136406378,-1.156786449,-1.18746311,-1.227355764,-1.246945648,-1.213190267,-1.126879935,-1.035527488,-0.987596031,-0.987994112,-0.994990908,-1.056250124,-1.276751583,4
"A27","A27_hhh",1,2,-0.761869417,-0.656611643,-0.713122188,-0.72174523,-0.597224547,-0.430526943,-0.252588245,-0.060828599,0.141380585,0.347481955,0.551596466,0.739930708,0.940961194,1.146558661,1.300599571,1.405247343,1.491093183,1.595883231,1.717309359,1.842015513,1.936590089,2.007899016,2.085860188,2.141011289,2.163312733,2.163605788,2.133842181,2.045006941,1.911194495,1.779823407,1
"A27","A27_hhl",1,2,-0.838896891,-0.820769755,-0.909918028,-0.879436701,-0.653899774,-0.338327581,-0.094744645,0.131400259,0.341363309,0.476162772,0.578768206,0.724203352,0.868627048,0.95890151,0.992668801,1.008719448,1.029910632,1.085334675,1.148720867,1.197387105,1.239856134,1.28448683,1.318630732,1.335117789,1.336447536,1.311312736,1.255931349,1.166703569,1.030622144,0.896684296,1
"A27","A27_hlh",1,2,0.028004482,0.238136805,0.275816126,0.361404548,0.593421613,0.858848931,1.041522939,1.115538875,1.054205955,0.859226487,0.541116152,0.192252629,-0.084423074,-0.317385986,-0.546072946,-0.762674204,-0.9385599,-1.050923608,-1.10963132,-1.141310648,-1.169085505,-1.195380915,-1.189778321,-1.125355976,-0.996508451,-0.800825436,-0.558311993,-0.349601613,-0.270285856,-0.265008848,2
"A27","A27_hll",1,2,0.159458047,0.291780112,0.30327903,0.340303534,0.51343619,0.767881857,0.977751227,1.05956301,0.988358023,0.796617949,0.520022833,0.223086944,-0.065234542,-0.327087026,-0.546338194,-0.722341328,-0.864845118,-0.960976082,-1.030193941,-1.089169735,-1.145624396,-1.213031281,-1.267011918,-1.293419637,-1.274209643,-1.20797565,-1.092956363,-0.961686109,-0.894664743,-0.924538768,2
"A27","A27_lhh",1,2,-0.70693963,-0.684341638,-0.79915369,-0.876718114,-0.815294079,-0.63820526,-0.506191988,-0.470549074,-0.495425503,-0.544763177,-0.613784035,-0.646695468,-0.595411708,-0.526598697,-0.504219858,-0.476439038,-0.427670147,-0.322286916,-0.1516308,0.048946855,0.282298734,0.561324924,0.892966948,1.255335727,1.65167804,2.073859915,2.458558748,2.779414214,2.991473239,3.100110364,5
"A27","A27_lhl",1,2,0.223250325,0.221537241,0.065317578,-0.004958999,0.033701884,0.074461054,0.080315826,0.009250931,-0.15933091,-0.376754439,-0.562127143,-0.699073217,-0.793186355,-0.881804133,-0.970503094,-1.01286253,-0.993632518,-0.957844772,-0.937817675,-0.922664431,-0.887846298,-0.803640943,-0.655419947,-0.448286609,-0.179415432,0.126360477,0.415625785,0.585251434,0.596241137,0.498750236,3
"A27","A27_llh",1,2,0.45880199,0.63769826,0.624217245,0.582317741,0.553917763,0.518414282,0.432172103,0.279238349,0.063962037,-0.186417426,-0.423631819,-0.612646332,-0.750131361,-0.859994704,-0.951865105,-1.01220555,-1.035721811,-1.036180455,-1.036211309,-1.037073214,-1.016892265,-0.935408999,-0.755192488,-0.462135384,-0.072513914,0.393154357,0.816917416,1.089474079,1.193525926,1.194971434,3
"A27","A27_lll",1,2,-0.007550294,-0.035297614,-0.163881241,-0.189945286,-0.168414747,-0.192680507,-0.223337991,-0.315541672,-0.453365632,-0.617734591,-0.7798914,-0.87032906,-0.916441902,-0.989683423,-1.073083722,-1.132848779,-1.176680358,-1.215225884,-1.249459417,-1.280532792,-1.307749212,-1.33233327,-1.35487202,-1.351619802,-1.328008723,-1.287901949,-1.217956111,-1.134645038,-1.093383863,-1.094967924,4
"A28","A28_hhh",1,2,0.521007892,0.45358749,0.391421076,0.350235159,0.359975582,0.375972662,0.388696608,0.41195555,0.475487326,0.561605701,0.661671026,0.761245807,0.849759776,0.932948397,0.99377248,1.022670138,1.05275843,1.092693959,1.158240683,1.229788907,1.290554324,1.341089681,1.38703741,1.421680415,1.451503124,1.500008572,1.562175712,1.629968238,1.698351865,1.804176048,1
"A28","A28_hhl",1,2,-0.018675866,0.014547069,0.025766768,0.086935213,0.228329357,0.377273032,0.525334017,0.642393964,0.765538948,0.894200126,1.003537823,1.094571445,1.165844656,1.200934741,1.20857596,1.196181228,1.167317696,1.139949669,1.144635785,1.176394704,1.216564246,1.238490388,1.234982378,1.224077007,1.211776651,1.207778044,1.23419003,1.291735641,1.346433579,1.385896795,1
"A28","A28_hlh",1,2,0.289534765,0.204022906,0.090264361,0.030870419,0.075844356,0.16767551,0.234772693,0.316145678,0.483948256,0.688132792,0.879887169,1.007774241,1.010327938,0.90142237,0.684763992,0.369029559,0.023841246,-0.305632789,-0.564873755,-0.743273808,-0.862561795,-0.938341972,-0.986499319,-1.022234285,-1.053572692,-1.051229731,-1.014711538,-0.950269629,-0.84893769,-0.716412891,2
"A28","A28_hll",1,2,0.211352309,0.231459621,0.22400689,0.260199053,0.345574267,0.412820213,0.488806181,0.671837706,0.949639129,1.24522907,1.484801894,1.611581457,1.564158379,1.284702979,0.795119175,0.268559425,-0.179888968,-0.566214923,-0.832177646,-1.01484693,-1.129075915,-1.200129243,-1.253120221,-1.322107824,-1.374807468,-1.3852585,-1.350459718,-1.299229892,-1.243436015,-1.231518247,2
"A28","A28_lhh",1,2,0.16625256,-0.074434914,-0.325997138,-0.51900248,-0.604801864,-0.677485684,-0.769760882,-0.877433717,-0.930483542,-0.941439263,-0.912066658,-0.838134989,-0.693576429,-0.496169159,-0.296544558,-0.100692974,0.113753396,0.360538484,0.619453153,0.884176369,1.108811997,1.309375613,1.518502891,1.702271863,1.896968811,2.116313184,2.358945514,2.517497993,2.604773634,2.625920608,5
"A28","A28_lhl",1,2,-0.102529386,-0.32749715,-0.562913681,-0.688611509,-0.755650719,-0.83382192,-0.913863626,-0.990660398,-1.061624412,-1.101762959,-1.103254992,-1.068239954,-1.010252502,-0.973309471,-0.955421214,-0.941270066,-0.905946738,-0.841417643,-0.759226702,-0.683535423,-0.629804549,-0.595387593,-0.570369313,-0.55348055,-0.545397547,-0.55423713,-0.554780173,-0.52825517,-0.489313242,-0.448873568,3
"A28","A28_llh",1,2,0.468125451,0.185209677,-0.106390084,-0.338333636,-0.477681096,-0.606435076,-0.749030191,-0.900340937,-1.000649267,-1.044391543,-1.065439683,-1.064935901,-1.031345978,-0.969213838,-0.908051724,-0.849577264,-0.774347422,-0.667827773,-0.534759909,-0.371268896,-0.190305181,-0.02939918,0.114741556,0.254264741,0.395884662,0.533669817,0.675245217,0.822941625,0.963741948,1.050433651,3
"A28","A28_lll",1,2,0.144991156,0.004745302,-0.164840696,-0.268682937,-0.365356346,-0.514201769,-0.68325914,-0.828283399,-0.940199393,-1.017668056,-1.07862153,-1.135774423,-1.177679925,-1.215784756,-1.250725805,-1.303271756,-1.363816746,-1.417372348,-1.448550717,-1.464633211,-1.485605185,-1.534679609,-1.571861746,-1.57600607,-1.527889249,-1.470223235,-1.452644174,-1.455715105,-1.439773609,-1.406805525,4
"A29","A29_hhh",1,2,-0.295574193,-0.250655666,-0.292860711,-0.327425943,-0.292371826,-0.235311629,-0.134496712,0.051739854,0.273858367,0.507969799,0.764929465,0.975892721,1.122798683,1.248153,1.350693928,1.439590103,1.529290152,1.618546721,1.697624549,1.755959754,1.800597805,1.841828843,1.879479169,1.918124357,1.96821676,2.029322597,2.08975041,2.12695455,2.147997513,2.151565223,1
"A29","A29_hhl",1,2,-0.151382007,-0.146377197,-0.091170414,0.010965132,0.166562303,0.314513345,0.50686475,0.750981049,0.95657266,1.095365242,1.190542799,1.255403533,1.29942992,1.327150074,1.36425348,1.403534995,1.422627539,1.448985318,1.484739625,1.496359751,1.494019529,1.49594329,1.499025318,1.511424703,1.53606842,1.566839298,1.601449452,1.623342074,1.631719248,1.631283011,1
"A29","A29_hlh",1,2,-0.185314712,-0.181244565,-0.142174914,-0.073492233,0.021208069,0.165838246,0.360778634,0.574944959,0.732650154,0.806699255,0.786788391,0.681648519,0.479021684,0.197966329,-0.086842704,-0.349734797,-0.578445847,-0.748328222,-0.872469449,-0.977588428,-1.054444734,-1.105463069,-1.148001722,-1.166749707,-1.154857902,-1.112365996,-1.011379773,-0.865208827,-0.741946921,-0.747224388,2
"A29","A29_hll",1,2,-0.058954407,-0.092389658,-0.107095118,-0.087156982,-0.015635108,0.128009461,0.335127577,0.635735307,0.924402402,1.082017038,1.105283909,0.978948071,0.728128153,0.411668562,0.086875633,-0.2055111,-0.484553363,-0.742322635,-0.940221075,-1.069203458,-1.159319111,-1.218181165,-1.27043564,-1.331638187,-1.326334916,-1.231538025,-1.095781417,-0.941617955,-0.781514,-0.727440349,2
"A29","A29_lhh",1,2,-0.491251223,-0.578659625,-0.690284847,-0.818274508,-0.941349783,-1.050693917,-1.130165664,-1.15198782,-1.131555765,-1.049397132,-0.889154344,-0.655067528,-0.419306043,-0.202129899,0.009268523,0.209515384,0.415484796,0.635073819,0.835816758,1.024552654,1.199503625,1.347407947,1.455298362,1.530964358,1.618512866,1.713095361,1.797466251,1.8543218,1.877307499,1.841714343,5
"A29","A29_lhl",1,2,-0.348069641,-0.421109861,-0.559753487,-0.6715105,-0.794263986,-0.931636433,-1.002682442,-0.995909726,-0.956438621,-0.908478687,-0.858823958,-0.815489621,-0.763353511,-0.696555348,-0.649401467,-0.61191903,-0.572856495,-0.53205409,-0.500048112,-0.484638014,-0.482907713,-0.483637411,-0.481704838,-0.482545736,-0.479283974,-0.43221252,-0.301299516,-0.132417764,-0.026550466,-0.021033684,3
"A29","A29_llh",1,2,-0.452433475,-0.512607825,-0.599283758,-0.72002565,-0.866395883,-0.978268812,-1.011726499,-1.012589888,-1.006977575,-0.947551809,-0.833221754,-0.748444356,-0.679944052,-0.574429994,-0.462071215,-0.358709902,-0.233446044,-0.103652743,-0.001184447,0.066463088,0.112577445,0.145209684,0.181896697,0.239674364,0.302272019,0.365151135,0.422971845,0.487190557,0.538393156,0.520439174,3
"A29","A29_lll",1,2,-0.303824245,-0.338016355,-0.366614838,-0.406399387,-0.446769059,-0.502787718,-0.597128288,-0.688839198,-0.751978862,-0.799422618,-0.867573246,-0.930144842,-0.975062964,-1.032689947,-1.109325709,-1.188323429,-1.24400515,-1.282641599,-1.336620218,-1.393854603,-1.443646487,-1.478875883,-1.53055949,-1.551608732,-1.49811087,-1.388018306,-1.187923448,-0.962692566,-0.837606224,-0.79849046,4
"A3","A3_hhh",1,2,-0.40383431,-0.342814489,-0.348302067,-0.317746709,-0.25257623,-0.210053397,-0.142820737,-0.018341102,0.13867053,0.316216794,0.488537793,0.614712369,0.724351074,0.873453504,1.019894839,1.126202633,1.194110123,1.262270574,1.335350934,1.425552523,1.520548017,1.606338058,1.678518756,1.748616262,1.813500772,1.865530549,1.913801918,1.965794145,2.02399338,2.071954853,1
"A3","A3_hhl",1,2,-0.448364894,-0.38303784,-0.336775035,-0.273050671,-0.168238811,-0.026005343,0.153237217,0.358320603,0.578859831,0.753924551,0.854852133,0.926884729,1.013267653,1.107653453,1.175551725,1.204012572,1.208037428,1.231827936,1.268948325,1.301768461,1.322751126,1.335431526,1.345239826,1.357222348,1.373073695,1.401818816,1.426177603,1.414758682,1.388691196,1.374672928,1
"A3","A3_hlh",1,2,0.098442009,0.189095729,0.316307456,0.48541348,0.657800973,0.802957482,0.962126218,1.148322514,1.320116165,1.454110442,1.482057274,1.395386928,1.23518381,0.991088995,0.647866706,0.253881376,-0.115684852,-0.404403344,-0.603092789,-0.735716257,-0.826934073,-0.889689842,-0.928640181,-0.948303047,-0.946847182,-0.915990013,-0.846276469,-0.764472126,-0.700164513,-0.681174812,2
"A3","A3_hll",1,2,0.104795125,0.209808104,0.298764742,0.393683969,0.508720799,0.615874486,0.735028676,0.926026167,1.174653579,1.394461939,1.530560481,1.543812499,1.476312922,1.356796903,1.121920084,0.785329832,0.381644029,-0.065703215,-0.449823327,-0.757772484,-1.011819249,-1.21630863,-1.408391806,-1.568882267,-1.683399522,-1.744895988,-1.785744233,-1.827708529,-1.875535838,-1.873488299,2
"A3","A3_lhh",1,2,-0.526119592,-0.529259288,-0.609535754,-0.713353178,-0.801964422,-0.858230342,-0.885363551,-0.908432303,-0.93942436,-0.966043261,-0.973461571,-0.947868673,-0.866381392,-0.722623242,-0.545302001,-0.355151297,-0.166996012,0.024124747,0.21557513,0.419257862,0.625781541,0.819986495,0.999176014,1.15517219,1.294224879,1.437729511,1.590707009,1.760655426,1.916040645,2.042278033,5
"A3","A3_lhl",1,2,-0.401250908,-0.504082838,-0.585032142,-0.604163516,-0.632652224,-0.730119827,-0.827192799,-0.878296109,-0.880563547,-0.862557312,-0.852987287,-0.847678971,-0.79929642,-0.704511619,-0.616829027,-0.553299945,-0.485760311,-0.407085526,-0.326463423,-0.245310743,-0.1839469,-0.14266809,-0.107448007,-0.06972515,-0.031810018,0.001687366,0.023540328,0.026873193,0.003786195,-0.038013303,3
"A3","A3_llh",1,2,-0.434206319,-0.43714986,-0.573452528,-0.748837312,-0.870619859,-0.931481614,-0.963999988,-1.00299392,-1.038893092,-1.057762878,-1.082906369,-1.111948712,-1.102639689,-1.040132745,-0.953423793,-0.864638223,-0.771287376,-0.66230615,-0.5378276,-0.39832633,-0.257715276,-0.121242138,0.012859399,0.147720628,0.292721541,0.451080193,0.615142102,0.754922089,0.838467957,0.867231922,3
"A3","A3_lll",1,2,-0.190553341,-0.181078206,-0.219427422,-0.233304549,-0.247608196,-0.299343337,-0.363407325,-0.426064792,-0.494652313,-0.538628698,-0.565414183,-0.603880912,-0.65852825,-0.730779141,-0.789702436,-0.839110315,-0.895914494,-0.983632856,-1.092390161,-1.191807119,-1.272543848,-1.359533657,-1.452757569,-1.545935544,-1.63879731,-1.735980814,-1.820130779,-1.887691897,-1.91270825,-1.921818838,4
"A30","A30_hhh",1,2,-0.43694587,-0.42442389,-0.384361016,-0.320969026,-0.238498667,-0.144764262,-0.054767675,0.051894335,0.172967276,0.314293986,0.456682599,0.583657459,0.729514588,0.893937644,1.067327527,1.227878808,1.356660852,1.467925584,1.574525313,1.673451846,1.774127111,1.85892329,1.938167435,2.006270704,2.0675162,2.132107808,2.190062098,2.232793163,2.245962097,2.222714329,1
"A30","A30_hhl",1,2,-0.515502283,-0.418122749,-0.297242565,-0.150530485,0.009743908,0.161080003,0.294775408,0.443943716,0.592114836,0.720694382,0.826182522,0.917564942,1.01486459,1.114298554,1.197190543,1.25372497,1.28459632,1.313501128,1.358788975,1.402811444,1.434178116,1.457566034,1.471749622,1.491739794,1.512968483,1.528991475,1.530365688,1.520111702,1.508954123,1.509786806,1
"A30","A30_hlh",1,2,-0.098318063,-0.041947382,0.045736536,0.158111187,0.28664927,0.443354789,0.622981302,0.816123086,1.001194021,1.146405408,1.216530674,1.187053193,1.085001813,0.904308254,0.655869688,0.36191753,0.057257709,-0.24595458,-0.49846762,-0.681244209,-0.82535731,-0.938446075,-1.024554182,-1.078282226,-1.096165295,-1.081568832,-1.04881845,-1.033807018,-1.060152032,-1.114454124,2
"A30","A30_hll",1,2,0.062489105,0.122791678,0.209403643,0.338895215,0.518017683,0.734301173,0.966107894,1.194472207,1.398342275,1.571274189,1.656555336,1.629328058,1.487411205,1.23856038,0.873693673,0.4015153,-0.089450175,-0.46393406,-0.795010337,-1.033765167,-1.19341362,-1.315795751,-1.397498128,-1.464187157,-1.518863921,-1.562559203,-1.595367783,-1.612571048,-1.631722316,-1.663805655,2
"A30","A30_lhh",1,2,-0.7463988,-0.785566641,-0.816695464,-0.849044293,-0.874220747,-0.901390462,-0.915702718,-0.911892806,-0.886990945,-0.842337109,-0.793869674,-0.741556698,-0.658237582,-0.548616644,-0.406684037,-0.252048383,-0.104361731,0.042431489,0.198392157,0.357510702,0.52232804,0.672219918,0.821383633,0.981648771,1.149169163,1.307068814,1.41653485,1.472690792,1.4902191,1.47318528,5
"A30","A30_lhl",1,2,-0.780272777,-0.783750061,-0.796419148,-0.812447708,-0.817726819,-0.809982921,-0.788459529,-0.751276879,-0.70494362,-0.662653878,-0.626694435,-0.575804035,-0.492226402,-0.406066031,-0.338257883,-0.284847792,-0.232483391,-0.16799505,-0.098581729,-0.038009769,0.007517945,0.044624467,0.07945221,0.124215854,0.182185523,0.23916364,0.28702984,0.304423844,0.282873035,0.256656041,3
"A30","A30_llh",1,2,-0.693224819,-0.713160504,-0.735270309,-0.771316527,-0.822019598,-0.869401261,-0.918532282,-0.950035555,-0.962927043,-0.966809883,-0.969749186,-0.950542151,-0.902583608,-0.828746545,-0.747425284,-0.674258417,-0.613225301,-0.547807551,-0.461872296,-0.363775663,-0.256605525,-0.15767607,-0.048479059,0.065099524,0.172575151,0.286839379,0.393776816,0.452617789,0.462003881,0.393393807,3
"A30","A30_lll",1,2,-0.45382437,-0.451126048,-0.43990264,-0.439540507,-0.464789888,-0.498560249,-0.545413117,-0.581404779,-0.614178927,-0.651153581,-0.696110192,-0.756720146,-0.813039479,-0.856276445,-0.901902208,-0.963164893,-1.04265343,-1.119804177,-1.186496908,-1.242645126,-1.29597707,-1.352925334,-1.414200475,-1.481808002,-1.54126211,-1.587844283,-1.614752628,-1.626019111,-1.635021985,-1.652447721,4
"A4","A4_hhh",1,2,0.038224571,-0.017796873,-0.053127002,-0.030579444,0.070671745,0.188158262,0.301055978,0.401096009,0.505793716,0.624233478,0.739618573,0.851397138,0.951542344,1.027881099,1.093360234,1.127456247,1.142280807,1.175292842,1.221812325,1.266704367,1.295169273,1.313346351,1.324293473,1.33479373,1.34508719,1.363410075,1.395977845,1.435131786,1.449130022,1.419067911,1
"A4","A4_hhl",1,2,0.298622052,0.121015133,0.058868391,0.123768946,0.232389142,0.360309492,0.496613207,0.652637665,0.816618799,0.93551743,1.013031433,1.061518515,1.098416269,1.132272278,1.149629603,1.153699044,1.149523982,1.132963335,1.124868216,1.129121651,1.140821124,1.140201498,1.141016585,1.151562543,1.162579269,1.151536979,1.118953256,1.09430054,1.082556778,1.096274403,1
"A4","A4_hlh",1,2,0.244061394,0.114481007,0.044581636,0.027826462,0.020086273,0.055966351,0.188583185,0.439855112,0.700165037,0.897549926,1.004408014,0.991086571,0.865067773,0.636216592,0.332877912,0.044257345,-0.169215358,-0.337913766,-0.46351291,-0.557258048,-0.621685888,-0.663480716,-0.679055996,-0.651137947,-0.591435942,-0.544035191,-0.473851848,-0.363322816,-0.282897555,-0.264687534,2
"A4","A4_hll",1,2,0.13858487,-0.036442825,-0.118867769,-0.09488937,0.004833664,0.15201363,0.318085545,0.546633478,0.819337118,1.044650594,1.17432343,1.17970218,1.067091492,0.856889691,0.559711221,0.255417181,-0.060690255,-0.365657952,-0.619457958,-0.852271207,-1.05803508,-1.181673772,-1.275595658,-1.390867394,-1.441321466,-1.461491215,-1.461808062,-1.445536413,-1.406959854,-1.365219728,2
"A4","A4_lhh",1,2,0.02201177,-0.179670002,-0.378338249,-0.537981999,-0.719218322,-0.917660955,-1.077684133,-1.1589337,-1.210817366,-1.26121765,-1.262029161,-1.187290827,-1.019766421,-0.83159783,-0.581352534,-0.292660813,-0.021667684,0.280599997,0.616420922,0.938369026,1.233786732,1.547588064,1.878829422,2.180822886,2.448566014,2.683339493,2.882246886,3.032320957,3.102592853,3.08606992,5
"A4","A4_lhl",1,2,-0.012587369,-0.205041232,-0.437557887,-0.656218055,-0.875489223,-1.032416189,-1.105149495,-1.077804192,-1.009318431,-0.949783798,-0.910722191,-0.86140624,-0.84075448,-0.843867446,-0.836869875,-0.810452013,-0.788256132,-0.722161981,-0.642896297,-0.568897859,-0.498054887,-0.431846173,-0.367440793,-0.284499852,-0.190793717,-0.095883991,-0.007587647,0.094402862,0.1830936,0.22278325,3
"A4","A4_llh",1,2,-0.272814725,-0.312514885,-0.399907936,-0.513218319,-0.663577962,-0.825217886,-0.929176146,-0.967378205,-0.944041882,-0.937530248,-0.976862477,-1.016846083,-1.007494363,-0.96632154,-0.878748942,-0.765397321,-0.699176786,-0.636730359,-0.528539684,-0.361615368,-0.188145811,-0.023150322,0.11969217,0.237572371,0.358969209,0.476244493,0.577378332,0.656963555,0.685190632,0.692202883,3
"A4","A4_lll",1,2,0.056876263,0.019566008,-0.056863464,-0.16810938,-0.289078973,-0.445172362,-0.603713632,-0.735646903,-0.836322468,-0.899313872,-0.933516159,-0.955402279,-0.987060863,-1.016772042,-1.065066136,-1.122998024,-1.19582476,-1.264530613,-1.296744441,-1.308631748,-1.284494274,-1.261567531,-1.306453206,-1.420393234,-1.547558144,-1.670368548,-1.783773031,-1.827712894,-1.857177104,-1.903940962,4
"A5","A5_hhh",1,2,-0.301982236,-0.349509294,-0.497606395,-0.582256501,-0.580388104,-0.580164476,-0.569425317,-0.494442745,-0.343329842,-0.137344537,0.083109772,0.303680723,0.536040025,0.788583392,1.048035092,1.285811637,1.492500682,1.665488227,1.813489412,1.958310637,2.097280905,2.20784303,2.28739055,2.34063367,2.38510483,2.437987836,2.511798981,2.58704681,2.621379333,2.608867929,5
"A5","A5_hhl",1,2,-0.192482236,-0.270667375,-0.366161799,-0.3678842,-0.343048829,-0.335968844,-0.276442164,-0.157683489,0.027255705,0.257706415,0.505714384,0.724088139,0.884783268,1.014654164,1.14223391,1.264820823,1.343453929,1.404491938,1.487135325,1.571584259,1.627694232,1.654974435,1.675000751,1.694269868,1.720096664,1.761749378,1.812002816,1.855636247,1.848603173,1.786352657,1
"A5","A5_hlh",1,2,-0.006996594,-0.08313886,-0.156233462,-0.161153724,-0.183074869,-0.176060938,-0.06783898,0.151995216,0.46346117,0.786471941,1.073026642,1.23258643,1.167539616,0.909258209,0.553481082,0.104504752,-0.364770367,-0.68360481,-0.835883479,-0.916810305,-0.972516506,-1.004493884,-1.028855534,-1.058996492,-1.039901153,-0.934936062,-0.667404416,-0.207498007,0.154092174,0.33338263,2
"A5","A5_hll",1,2,-0.186348566,-0.2519929,-0.424667024,-0.450883598,-0.369984099,-0.318467238,-0.259692152,-0.101296648,0.175988924,0.53383787,0.839509717,1.036710979,1.035822119,0.845427644,0.491839022,0.013094866,-0.445552038,-0.778473257,-0.995987179,-1.077030618,-1.139011206,-1.191457166,-1.184853975,-1.121044016,-1.064317914,-1.041119461,-1.023280796,-0.938925952,-0.739944167,-0.571764793,2
"A5","A5_lhh",1,2,-0.209950692,-0.259936895,-0.358528906,-0.453137414,-0.542764101,-0.620055143,-0.726723854,-0.853239479,-0.936660807,-0.966445046,-0.964611742,-0.925202128,-0.86047984,-0.755745413,-0.598731505,-0.402449356,-0.178165458,0.054320908,0.271866108,0.502512163,0.734324995,0.930952714,1.10530823,1.260904766,1.404678683,1.556346005,1.722841913,1.889377449,2.022935066,2.082108573,5
"A5","A5_lhl",1,2,-0.382719358,-0.447229394,-0.506271005,-0.517463704,-0.548007933,-0.614744325,-0.672572761,-0.723948018,-0.745204658,-0.717349632,-0.665787861,-0.604873905,-0.537140882,-0.453096406,-0.372895784,-0.313107317,-0.272794967,-0.239207726,-0.200456487,-0.160177369,-0.11921479,-0.090189298,-0.07746258,-0.062246787,-0.034466633,0.001803338,0.051251263,0.103041588,0.129839125,0.132468603,3
"A5","A5_llh",1,2,0.006399319,-0.115368468,-0.224884263,-0.274464516,-0.36472661,-0.500657639,-0.64477519,-0.759200804,-0.848842431,-0.91885853,-0.959878498,-0.966332011,-0.958332936,-0.958096974,-0.943622031,-0.916134427,-0.875347284,-0.824740637,-0.772271455,-0.718356206,-0.658769868,-0.582060158,-0.475510033,-0.310322221,-0.078662408,0.219282293,0.568249643,0.929046776,1.229993782,1.386719804,3
"A5","A5_lll",1,2,-0.111483908,-0.112941318,-0.17339633,-0.207557894,-0.211165986,-0.256702959,-0.369329165,-0.50524311,-0.628245158,-0.741742507,-0.830599208,-0.89901102,-0.956348114,-1.012175948,-1.059682427,-1.095751537,-1.121438899,-1.135962055,-1.152372838,-1.172955059,-1.232734817,-1.334104528,-1.403721007,-1.422449033,-1.366450134,-1.290035976,-1.300840033,-1.329023611,-1.301728593,-1.273372348,4
"A6","A6_hhh",1,2,-0.188691485,-0.196243986,-0.178070005,-0.165661288,-0.14303454,-0.110931621,-0.022891006,0.132087226,0.316416229,0.535861266,0.753738991,0.933466693,1.071328222,1.195564837,1.298234401,1.385621592,1.469205608,1.571048711,1.674112448,1.758197322,1.823813771,1.89056,1.950656925,1.991196788,2.01653545,2.030107727,2.012638497,1.95618986,1.896545895,1.857427937,1
"A6","A6_hhl",1,2,-0.062582916,-0.171006833,-0.257778984,-0.199077207,-0.086450599,0.061211542,0.214561428,0.391654989,0.552067914,0.704955933,0.860265764,0.998609013,1.08829412,1.151105078,1.202168776,1.245074762,1.28668848,1.331270125,1.357262137,1.346882129,1.312156402,1.27920395,1.273940231,1.287720495,1.305775286,1.323509348,1.329133473,1.291586463,1.238027281,1.227464098,1
"A6","A6_hlh",1,2,0.146221973,0.15109392,0.205786479,0.333076644,0.468433781,0.614042629,0.756601556,0.870336586,0.913144074,0.86691982,0.776129981,0.637881237,0.420304814,0.142487368,-0.118390545,-0.332341268,-0.523509954,-0.690670927,-0.834450084,-0.948886639,-1.03177145,-1.079829428,-1.102207209,-1.098305921,-1.058139559,-0.974612919,-0.855627601,-0.750445779,-0.702396372,-0.708633755,2
"A6","A6_hll",1,2,0.128040093,0.163654599,0.169756541,0.263449935,0.443830928,0.650721252,0.904894797,1.164044673,1.36458639,1.47562506,1.466716518,1.332503185,1.094779255,0.809337,0.479719517,0.143221538,-0.169015711,-0.437571609,-0.675404233,-0.919753147,-1.189987303,-1.392517193,-1.493220425,-1.549362702,-1.623435893,-1.670376099,-1.627615534,-1.480955257,-1.353450477,-1.321673909,2
"A6","A6_lhh",1,2,-0.286299334,-0.434243901,-0.648064832,-0.809531344,-0.898942271,-0.960486073,-1.007443868,-1.036817853,-1.021898506,-0.92978922,-0.789177077,-0.631883667,-0.443339931,-0.245094911,-0.054271362,0.128034444,0.294459558,0.482689619,0.700324096,0.896488089,1.056926307,1.207961281,1.370040069,1.525975311,1.665405786,1.776106108,1.825210848,1.827451803,1.795010352,1.750649323,5
"A6","A6_lhl",1,2,-0.124382221,-0.289851571,-0.489643158,-0.656179828,-0.821377213,-0.951700392,-0.985461134,-0.949488496,-0.898007674,-0.838512901,-0.768635672,-0.693296081,-0.63114878,-0.590395438,-0.550008357,-0.509373607,-0.460882385,-0.411867073,-0.371940811,-0.349745464,-0.337805855,-0.326313693,-0.309700611,-0.278239158,-0.225980021,-0.165239123,-0.107432854,-0.075741821,-0.092224951,-0.101688565,3
"A6","A6_llh",1,2,-0.317494409,-0.445906589,-0.670513883,-0.842915263,-0.939718626,-0.99650174,-1.039898723,-1.038486801,-1.046854268,-1.012775647,-0.903445385,-0.776680278,-0.682490513,-0.595533091,-0.517178994,-0.438399364,-0.336826504,-0.220784017,-0.117695474,-0.033216226,0.050599211,0.139513277,0.229872239,0.320976085,0.406671732,0.479334378,0.531282553,0.52815408,0.492032801,0.469914777,3
"A6","A6_lll",1,2,0.000805275,-0.101746768,-0.267004541,-0.421754515,-0.552825056,-0.672643692,-0.786123375,-0.8652298,-0.956933572,-1.060180503,-1.098385114,-1.098867877,-1.124585375,-1.166712625,-1.218708679,-1.279844209,-1.348491337,-1.386010715,-1.396949914,-1.412608888,-1.450706365,-1.50871377,-1.546046526,-1.549105769,-1.51381823,-1.463545152,-1.3910855,-1.319664306,-1.263162866,-1.239077894,4
"A7","A7_hhh",1,2,-1.099986874,-1.139635596,-1.092603809,-1.045860251,-1.088142591,-1.081934444,-0.93166042,-0.78961148,-0.721374966,-0.656484087,-0.558495753,-0.409481759,-0.23465915,-0.042874137,0.189706292,0.449475368,0.68337294,0.893568391,1.124196107,1.342585753,1.525945899,1.678454198,1.815402349,1.941548688,2.060540411,2.192949565,2.325409165,2.423007045,2.444886233,2.456236503,5
"A7","A7_hhl",1,2,-0.462099012,-0.550110887,-0.738871827,-0.808575265,-0.686150349,-0.555459236,-0.450752964,-0.308584022,-0.21893322,-0.17508462,-0.080198804,0.07879365,0.234838256,0.390293292,0.543144933,0.697353717,0.841071585,0.963876288,1.087618125,1.233491599,1.374482735,1.451586794,1.510277081,1.593425729,1.69150962,1.762842875,1.818809764,1.85835515,1.88174393,1.888837876,5
"A7","A7_hlh",1,2,1.595755295,1.445201131,1.257473282,1.125770056,1.010286949,0.934799284,0.851098091,0.78160488,0.756796644,0.729332879,0.687282277,0.630118782,0.485723698,0.239292939,-0.001227456,-0.235059515,-0.521864569,-0.758971551,-0.906638001,-0.977871698,-1.001295367,-1.014907247,-1.033394087,-0.983742416,-0.880788674,-0.759775303,-0.582467079,-0.417560751,-0.342639322,-0.366553848,2
"A7","A7_hll",1,2,0.291496494,0.155707563,-0.028229182,-0.04417138,0.031429693,-0.001714127,-0.041498105,0.040423362,0.169070305,0.199413573,0.159087279,0.114505611,0.078442934,-0.015029595,-0.179046593,-0.404733424,-0.639367134,-0.832282517,-0.952710113,-1.020964102,-1.112005544,-1.206996655,-1.314620794,-1.424412016,-1.538220787,-1.631264943,-1.670126717,-1.703860612,-1.723827875,-1.728811509,2
"A7","A7_lhh",1,2,-0.274685945,-0.236306174,-0.305555633,-0.364200649,-0.43059023,-0.476284271,-0.524336844,-0.58806541,-0.631324345,-0.636176079,-0.581824499,-0.483026146,-0.38265366,-0.293906022,-0.168683039,0.004640899,0.162701426,0.308816526,0.507797646,0.756611192,1.006544193,1.207581173,1.385363693,1.592903684,1.798396008,1.976990548,2.112952072,2.186352297,2.258925263,2.384012053,5
"A7","A7_lhl",1,2,-0.343571633,-0.329914808,-0.420539633,-0.48824658,-0.492672352,-0.556847547,-0.598942216,-0.602289796,-0.648602899,-0.724497374,-0.742539804,-0.673186652,-0.600729426,-0.527887691,-0.430941548,-0.332029858,-0.277063549,-0.239930165,-0.142909187,-0.003607369,0.114134269,0.187496517,0.218455754,0.265057364,0.333892171,0.40242647,0.453868528,0.460060843,0.3994969,0.237526542,3
"A7","A7_llh",1,2,-0.321877355,-0.345616206,-0.529350868,-0.683703116,-0.794137747,-0.919627593,-1.03189122,-0.975024151,-0.847162248,-0.820873622,-0.83834299,-0.791855407,-0.678628138,-0.612441419,-0.529887262,-0.414145838,-0.315593967,-0.212592656,-0.086373269,0.071000385,0.247552971,0.395332491,0.534962865,0.696010511,0.865290924,1.022285902,1.147634411,1.228137662,1.255757368,1.310253142,3
"A7","A7_lll",1,2,0.350472873,0.255639435,0.157554021,0.094592317,0.107312414,0.161965409,0.168774186,0.134230184,0.050033306,-0.056274457,-0.168220508,-0.230190189,-0.29168109,-0.396031268,-0.491936937,-0.571895764,-0.665634818,-0.792014238,-0.902049885,-0.978339087,-1.05319605,-1.143988366,-1.249376107,-1.376265489,-1.51757306,-1.679587176,-1.878290165,-2.076364011,-2.205285441,-2.243383375,2
"A8","A8_hhh",1,2,-0.225582892,-0.164760013,-0.136426806,-0.102951382,0.013380973,0.15307822,0.280593286,0.382582524,0.493709564,0.648859161,0.821433306,0.978711036,1.129483185,1.262934905,1.373225024,1.47185286,1.574083068,1.684300409,1.794292658,1.883961608,1.956018735,2.017200633,2.059519959,2.086354481,2.11998953,2.168452424,2.220449718,2.236819288,2.207724725,2.138616912,1
"A8","A8_hhl",1,2,0.088622116,0.183704827,0.278153772,0.384597693,0.505975807,0.622208361,0.74434602,0.874120848,1.010247969,1.139062744,1.256100113,1.351417526,1.417144995,1.457757886,1.4868365,1.513674226,1.547346605,1.589762807,1.633807232,1.664973028,1.675277798,1.670934127,1.665014606,1.673750141,1.691565326,1.697840593,1.696121831,1.701080255,1.706190854,1.71087634,1
"A8","A8_hlh",1,2,-0.294008114,-0.231828575,-0.158148575,-0.058665286,0.077076054,0.215469201,0.352045495,0.481524081,0.572070906,0.621532084,0.641666968,0.610057407,0.503349923,0.338006295,0.133101895,-0.1017857,-0.333522252,-0.526514502,-0.683775696,-0.821721174,-0.926978899,-0.993327884,-1.061056907,-1.109224871,-1.138295166,-1.143494658,-1.128051282,-1.085433656,-1.057546926,-1.065372835,2
"A8","A8_hll",1,2,-0.058300403,0.01638466,0.120435325,0.254007006,0.387715157,0.524883313,0.652416956,0.770923535,0.853314994,0.893633803,0.885903334,0.794477235,0.619527811,0.403229926,0.176538452,-0.049864372,-0.248885044,-0.41739562,-0.585934533,-0.764228643,-0.903807737,-0.99972436,-1.057041914,-1.081334642,-1.071324892,-1.025532714,-0.97502806,-0.946883516,-0.917242999,-0.895047854,2
"A8","A8_lhh",1,2,-0.396729731,-0.46841068,-0.548802483,-0.638625711,-0.704205254,-0.755648117,-0.811522806,-0.870991339,-0.909322636,-0.903665872,-0.866344033,-0.814384766,-0.751712174,-0.680205267,-0.591825089,-0.467042548,-0.319709385,-0.140081741,0.04872804,0.229835437,0.405652966,0.592790732,0.795005176,0.985329306,1.173756602,1.363479281,1.504207855,1.591296399,1.611595918,1.568470045,5
"A8","A8_lhl",1,2,-0.391094716,-0.398287133,-0.46016506,-0.546658072,-0.626359054,-0.739118914,-0.868720744,-0.960118206,-0.985923797,-0.98732282,-0.965594438,-0.925603822,-0.87920457,-0.835607055,-0.780948359,-0.7015761,-0.605917637,-0.510668823,-0.440189218,-0.389614835,-0.344068522,-0.311905901,-0.292981694,-0.276480356,-0.259720915,-0.24191165,-0.223969015,-0.195676411,-0.165105938,-0.14820094,3
"A8","A8_llh",1,2,-0.624157739,-0.62027917,-0.655974972,-0.716965147,-0.789917632,-0.879087324,-0.955496887,-1.021826214,-1.015197053,-0.9511789,-0.867311404,-0.805681721,-0.786552479,-0.768464446,-0.748433028,-0.712280302,-0.638401031,-0.541075208,-0.420654301,-0.31160922,-0.214611523,-0.120802315,-0.013055192,0.105722379,0.239981917,0.385654153,0.512532125,0.603286039,0.640436843,0.604892165,3
"A8","A8_lll",1,2,-0.421230467,-0.434668868,-0.467230499,-0.523014777,-0.625898531,-0.722377243,-0.80945841,-0.862747902,-0.893983862,-0.936122273,-0.970272323,-0.993377393,-1.007258049,-1.036147036,-1.090387613,-1.160784689,-1.221554348,-1.25484448,-1.266325704,-1.289234054,-1.345666596,-1.424371519,-1.492488197,-1.502347396,-1.454891366,-1.396693722,-1.348299723,-1.320268742,-1.295401484,-1.267730154,4
"A9","A9_hhh",1,2,-0.870949259,-0.839234228,-0.825589862,-0.780579156,-0.676262438,-0.533355436,-0.361552967,-0.160965234,0.05804538,0.30847774,0.553178858,0.807052064,1.09228954,1.330465935,1.463056225,1.546746801,1.612515003,1.671982485,1.714625316,1.741555319,1.756069419,1.774180623,1.802858982,1.848097295,1.89672549,1.934817951,1.952687524,1.926632236,1.860698502,1.763000386,1
"A9","A9_hhl",1,2,-0.870833585,-0.817303366,-0.762371948,-0.653076745,-0.483794365,-0.256876518,0.007939922,0.272907713,0.533480431,0.781174569,1.012208749,1.20576963,1.353346165,1.470718037,1.560560613,1.62242006,1.66528522,1.696645531,1.7338868,1.765716323,1.794873198,1.819777839,1.839261937,1.85546005,1.870273916,1.876497555,1.867952461,1.831672148,1.76746614,1.717631537,1
"A9","A9_hlh",1,2,-0.649595493,-0.648968422,-0.700968624,-0.702567664,-0.604636903,-0.422603545,-0.196011929,0.071549616,0.378251164,0.681678457,0.924637202,1.063240987,1.050306401,0.847667985,0.48623472,0.084593566,-0.276080735,-0.556371514,-0.732346316,-0.820474481,-0.857694148,-0.869826997,-0.863510732,-0.838729258,-0.799646762,-0.758590501,-0.70799114,-0.646486749,-0.602735307,-0.5993494,2
"A9","A9_hll",1,2,-0.60991253,-0.608047589,-0.611992807,-0.575313617,-0.485756821,-0.356071799,-0.182445615,0.06924428,0.394445158,0.731788852,1.004747215,1.191908325,1.247710322,1.098944652,0.758310899,0.310944087,-0.144422911,-0.516329608,-0.790427446,-0.995200351,-1.144384261,-1.2472532,-1.314372769,-1.346453412,-1.358429993,-1.36242084,-1.340146062,-1.288911813,-1.217602659,-1.134862522,2
"A9","A9_lhh",1,2,-1.061194924,-1.044373501,-1.047143376,-1.042387509,-1.01009007,-0.960317547,-0.915851622,-0.863832394,-0.785338118,-0.685815067,-0.572523846,-0.416173463,-0.213309941,-0.018498616,0.177704988,0.376818615,0.566207202,0.728350001,0.877130585,1.014946402,1.13581017,1.241057039,1.325139949,1.407863303,1.488457633,1.559033622,1.60402084,1.61317101,1.562466478,1.475410849,5
"A9","A9_lhl",1,2,-0.581013583,-0.682178641,-0.797869033,-0.871886233,-0.891187897,-0.844797256,-0.776404289,-0.712818957,-0.63846834,-0.569408791,-0.516650971,-0.464169452,-0.401345685,-0.330216019,-0.268151986,-0.236802173,-0.220819598,-0.193489221,-0.158648402,-0.132195588,-0.124614777,-0.139887097,-0.16843262,-0.185029521,-0.16295834,-0.110435294,-0.052720329,-0.008629782,-0.028589193,-0.157419624,3
"A9","A9_llh",1,2,-0.623523632,-0.694170621,-0.781911261,-0.835013164,-0.8303895,-0.784932465,-0.742459399,-0.705134706,-0.658932264,-0.604634148,-0.551614668,-0.497234507,-0.41732441,-0.316864684,-0.219456203,-0.140139984,-0.074068064,0.001073717,0.085919502,0.168516439,0.239542665,0.288918852,0.337307788,0.401357052,0.481312084,0.559155031,0.626046958,0.642508169,0.590380516,0.507645554,3
"A9","A9_lll",1,2,-0.694397892,-0.762335816,-0.860009094,-0.922170918,-0.895845874,-0.838547892,-0.810941992,-0.791497769,-0.768054039,-0.762964114,-0.778042555,-0.810548061,-0.848877529,-0.886077002,-0.923584634,-0.961880187,-1.010456798,-1.055310589,-1.090477884,-1.120062139,-1.153732449,-1.191858246,-1.232745969,-1.269560273,-1.291185151,-1.295158433,-1.2792333,-1.243806485,-1.19628411,-1.151932611,4
